[{"model": "admin.logentry", "pk": 1, "fields": {"action_time": "2020-10-22T10:44:21.742Z", "user": 1, "content_type": 10, "object_id": "33", "object_repr": "DAN EKSAM - Millal asutati Eesti Judoliit?", "action_flag": 3, "change_message": ""}}, {"model": "auth.permission", "pk": 1, "fields": {"name": "Can add log entry", "content_type": 1, "codename": "add_logentry"}}, {"model": "auth.permission", "pk": 2, "fields": {"name": "Can change log entry", "content_type": 1, "codename": "change_logentry"}}, {"model": "auth.permission", "pk": 3, "fields": {"name": "Can delete log entry", "content_type": 1, "codename": "delete_logentry"}}, {"model": "auth.permission", "pk": 4, "fields": {"name": "Can view log entry", "content_type": 1, "codename": "view_logentry"}}, {"model": "auth.permission", "pk": 5, "fields": {"name": "Can add permission", "content_type": 2, "codename": "add_permission"}}, {"model": "auth.permission", "pk": 6, "fields": {"name": "Can change permission", "content_type": 2, "codename": "change_permission"}}, {"model": "auth.permission", "pk": 7, "fields": {"name": "Can delete permission", "content_type": 2, "codename": "delete_permission"}}, {"model": "auth.permission", "pk": 8, "fields": {"name": "Can view permission", "content_type": 2, "codename": "view_permission"}}, {"model": "auth.permission", "pk": 9, "fields": {"name": "Can add group", "content_type": 3, "codename": "add_group"}}, {"model": "auth.permission", "pk": 10, "fields": {"name": "Can change group", "content_type": 3, "codename": "change_group"}}, {"model": "auth.permission", "pk": 11, "fields": {"name": "Can delete group", "content_type": 3, "codename": "delete_group"}}, {"model": "auth.permission", "pk": 12, "fields": {"name": "Can view group", "content_type": 3, "codename": "view_group"}}, {"model": "auth.permission", "pk": 13, "fields": {"name": "Can add user", "content_type": 4, "codename": "add_user"}}, {"model": "auth.permission", "pk": 14, "fields": {"name": "Can change user", "content_type": 4, "codename": "change_user"}}, {"model": "auth.permission", "pk": 15, "fields": {"name": "Can delete user", "content_type": 4, "codename": "delete_user"}}, {"model": "auth.permission", "pk": 16, "fields": {"name": "Can view user", "content_type": 4, "codename": "view_user"}}, {"model": "auth.permission", "pk": 17, "fields": {"name": "Can add content type", "content_type": 5, "codename": "add_contenttype"}}, {"model": "auth.permission", "pk": 18, "fields": {"name": "Can change content type", "content_type": 5, "codename": "change_contenttype"}}, {"model": "auth.permission", "pk": 19, "fields": {"name": "Can delete content type", "content_type": 5, "codename": "delete_contenttype"}}, {"model": "auth.permission", "pk": 20, "fields": {"name": "Can view content type", "content_type": 5, "codename": "view_contenttype"}}, {"model": "auth.permission", "pk": 21, "fields": {"name": "Can add session", "content_type": 6, "codename": "add_session"}}, {"model": "auth.permission", "pk": 22, "fields": {"name": "Can change session", "content_type": 6, "codename": "change_session"}}, {"model": "auth.permission", "pk": 23, "fields": {"name": "Can delete session", "content_type": 6, "codename": "delete_session"}}, {"model": "auth.permission", "pk": 24, "fields": {"name": "Can view session", "content_type": 6, "codename": "view_session"}}, {"model": "auth.permission", "pk": 25, "fields": {"name": "Can add AnswerOption", "content_type": 7, "codename": "add_answeroption"}}, {"model": "auth.permission", "pk": 26, "fields": {"name": "Can change AnswerOption", "content_type": 7, "codename": "change_answeroption"}}, {"model": "auth.permission", "pk": 27, "fields": {"name": "Can delete AnswerOption", "content_type": 7, "codename": "delete_answeroption"}}, {"model": "auth.permission", "pk": 28, "fields": {"name": "Can view AnswerOption", "content_type": 7, "codename": "view_answeroption"}}, {"model": "auth.permission", "pk": 29, "fields": {"name": "Can add QuestionAnswered", "content_type": 8, "codename": "add_questionanswered"}}, {"model": "auth.permission", "pk": 30, "fields": {"name": "Can change QuestionAnswered", "content_type": 8, "codename": "change_questionanswered"}}, {"model": "auth.permission", "pk": 31, "fields": {"name": "Can delete QuestionAnswered", "content_type": 8, "codename": "delete_questionanswered"}}, {"model": "auth.permission", "pk": 32, "fields": {"name": "Can view QuestionAnswered", "content_type": 8, "codename": "view_questionanswered"}}, {"model": "auth.permission", "pk": 33, "fields": {"name": "Can add Quiz", "content_type": 9, "codename": "add_quiz"}}, {"model": "auth.permission", "pk": 34, "fields": {"name": "Can change Quiz", "content_type": 9, "codename": "change_quiz"}}, {"model": "auth.permission", "pk": 35, "fields": {"name": "Can delete Quiz", "content_type": 9, "codename": "delete_quiz"}}, {"model": "auth.permission", "pk": 36, "fields": {"name": "Can view Quiz", "content_type": 9, "codename": "view_quiz"}}, {"model": "auth.permission", "pk": 37, "fields": {"name": "Can add Question", "content_type": 10, "codename": "add_question"}}, {"model": "auth.permission", "pk": 38, "fields": {"name": "Can change Question", "content_type": 10, "codename": "change_question"}}, {"model": "auth.permission", "pk": 39, "fields": {"name": "Can delete Question", "content_type": 10, "codename": "delete_question"}}, {"model": "auth.permission", "pk": 40, "fields": {"name": "Can view Question", "content_type": 10, "codename": "view_question"}}, {"model": "auth.permission", "pk": 41, "fields": {"name": "Can add QuizSession", "content_type": 11, "codename": "add_quizsession"}}, {"model": "auth.permission", "pk": 42, "fields": {"name": "Can change QuizSession", "content_type": 11, "codename": "change_quizsession"}}, {"model": "auth.permission", "pk": 43, "fields": {"name": "Can delete QuizSession", "content_type": 11, "codename": "delete_quizsession"}}, {"model": "auth.permission", "pk": 44, "fields": {"name": "Can view QuizSession", "content_type": 11, "codename": "view_quizsession"}}, {"model": "auth.permission", "pk": 45, "fields": {"name": "Can add QuestionAnswerInSession", "content_type": 12, "codename": "add_questionanswerinsession"}}, {"model": "auth.permission", "pk": 46, "fields": {"name": "Can change QuestionAnswerInSession", "content_type": 12, "codename": "change_questionanswerinsession"}}, {"model": "auth.permission", "pk": 47, "fields": {"name": "Can delete QuestionAnswerInSession", "content_type": 12, "codename": "delete_questionanswerinsession"}}, {"model": "auth.permission", "pk": 48, "fields": {"name": "Can view QuestionAnswerInSession", "content_type": 12, "codename": "view_questionanswerinsession"}}, {"model": "auth.user", "pk": 1, "fields": {"password": "pbkdf2_sha256$216000$OTkqRO7x3TyF$ze/yAzq+dFnJZZK2+cS6hv/JryP0fZBtHVxCTJIAGqI=", "last_login": "2020-10-22T10:43:50.883Z", "is_superuser": true, "username": "oliverilm", "first_name": "", "last_name": "", "email": "oliverilmjarv@gmail.com", "is_staff": true, "is_active": true, "date_joined": "2020-10-22T08:45:12.959Z", "groups": [], "user_permissions": []}}, {"model": "contenttypes.contenttype", "pk": 1, "fields": {"app_label": "admin", "model": "logentry"}}, {"model": "contenttypes.contenttype", "pk": 2, "fields": {"app_label": "auth", "model": "permission"}}, {"model": "contenttypes.contenttype", "pk": 3, "fields": {"app_label": "auth", "model": "group"}}, {"model": "contenttypes.contenttype", "pk": 4, "fields": {"app_label": "auth", "model": "user"}}, {"model": "contenttypes.contenttype", "pk": 5, "fields": {"app_label": "contenttypes", "model": "contenttype"}}, {"model": "contenttypes.contenttype", "pk": 6, "fields": {"app_label": "sessions", "model": "session"}}, {"model": "contenttypes.contenttype", "pk": 7, "fields": {"app_label": "app", "model": "answeroption"}}, {"model": "contenttypes.contenttype", "pk": 8, "fields": {"app_label": "app", "model": "questionanswered"}}, {"model": "contenttypes.contenttype", "pk": 9, "fields": {"app_label": "app", "model": "quiz"}}, {"model": "contenttypes.contenttype", "pk": 10, "fields": {"app_label": "app", "model": "question"}}, {"model": "contenttypes.contenttype", "pk": 11, "fields": {"app_label": "app", "model": "quizsession"}}, {"model": "contenttypes.contenttype", "pk": 12, "fields": {"app_label": "app", "model": "questionanswerinsession"}}, {"model": "sessions.session", "pk": "12l1rm2piutndmz433v46xv1ahf7we6p", "fields": {"session_data": ".eJxVjMsOwiAUBf-FtSGACOjSvd_QXO5DqgaS0q6M_26bdKHbMzPnrQZY5jIsnadhJHVRVh1-twz45LoBekC9N42tztOY9abonXZ9a8Sv6-7-HRToZa2DQ-NEYkzeeshRxJI1FI7REgAY5ASIjKuD1siJDAFDgCzGJzw79fkCBj85YQ:1kVY4U:ddeMwjxKkDXrxjFhurDu_HHpNV5SUmE6r7xdfIoxVQQ", "expire_date": "2020-11-05T10:43:50.891Z"}}, {"model": "sessions.session", "pk": "ml48pkgbijviwxil88rvenij6goex4pz", "fields": {"session_data": ".eJxVjMsOwiAUBf-FtSGACOjSvd_QXO5DqgaS0q6M_26bdKHbMzPnrQZY5jIsnadhJHVRVh1-twz45LoBekC9N42tztOY9abonXZ9a8Sv6-7-HRToZa2DQ-NEYkzeeshRxJI1FI7REgAY5ASIjKuD1siJDAFDgCzGJzw79fkCBj85YQ:1kVWFU:O50606PwyWEtn5qxqdDO-XGXj3tdQEoyqS5rTqPBC-c", "expire_date": "2020-11-05T08:47:04.816Z"}}, {"model": "app.quiz", "pk": 1, "fields": {"name": "test quiz", "show": true}}, {"model": "app.quiz", "pk": 2, "fields": {"name": "omg a new quiz", "show": true}}, {"model": "app.quiz", "pk": 3, "fields": {"name": "tesa", "show": true}}, {"model": "app.quiz", "pk": 4, "fields": {"name": "kala", "show": true}}, {"model": "app.quiz", "pk": 5, "fields": {"name": "asd", "show": true}}, {"model": "app.quiz", "pk": 6, "fields": {"name": "asdasd", "show": true}}, {"model": "app.quiz", "pk": 7, "fields": {"name": "asdd", "show": true}}, {"model": "app.quiz", "pk": 8, "fields": {"name": "asddd", "show": true}}, {"model": "app.quiz", "pk": 9, "fields": {"name": "asdasd", "show": true}}, {"model": "app.quiz", "pk": 10, "fields": {"name": "23123", "show": true}}, {"model": "app.quiz", "pk": 11, "fields": {"name": "3212", "show": true}}, {"model": "app.quiz", "pk": 12, "fields": {"name": "asdasd", "show": true}}, {"model": "app.quiz", "pk": 13, "fields": {"name": "asdd", "show": true}}, {"model": "app.quiz", "pk": 14, "fields": {"name": "Testing quiz", "show": true}}, {"model": "app.quiz", "pk": 15, "fields": {"name": "asdd", "show": true}}, {"model": "app.quiz", "pk": 16, "fields": {"name": "teas", "show": true}}, {"model": "app.quiz", "pk": 17, "fields": {"name": "123123", "show": true}}, {"model": "app.quiz", "pk": 18, "fields": {"name": "123123", "show": true}}, {"model": "app.quiz", "pk": 19, "fields": {"name": "final testing quiz", "show": true}}, {"model": "app.quiz", "pk": 20, "fields": {"name": "teas", "show": true}}, {"model": "app.quiz", "pk": 21, "fields": {"name": "123123", "show": true}}, {"model": "app.quiz", "pk": 22, "fields": {"name": "Testing quiz", "show": true}}, {"model": "app.quiz", "pk": 23, "fields": {"name": "tester", "show": true}}, {"model": "app.quiz", "pk": 24, "fields": {"name": "test quiz", "show": true}}, {"model": "app.quiz", "pk": 25, "fields": {"name": "omg :D", "show": true}}, {"model": "app.quiz", "pk": 26, "fields": {"name": "DAN EKSAM", "show": true}}, {"model": "app.quiz", "pk": 27, "fields": {"name": "test", "show": true}}, {"model": "app.quiz", "pk": 28, "fields": {"name": "DAN EKSAM 2", "show": true}}, {"model": "app.quiz", "pk": 29, "fields": {"name": "TEEMA nr. 2 (etikett)", "show": true}}, {"model": "app.quiz", "pk": 30, "fields": {"name": "test", "show": true}}, {"model": "app.quiz", "pk": 31, "fields": {"name": "asdasd", "show": true}}, {"model": "app.quiz", "pk": 32, "fields": {"name": "123132", "show": true}}, {"model": "app.quiz", "pk": 33, "fields": {"name": "123123", "show": true}}, {"model": "app.quiz", "pk": 34, "fields": {"name": "333", "show": true}}, {"model": "app.quiz", "pk": 35, "fields": {"name": "Teema nr 4. (õpetamise metoodika)", "show": true}}, {"model": "app.question", "pk": 1, "fields": {"quiz": 21, "question_value": "123123"}}, {"model": "app.question", "pk": 2, "fields": {"quiz": 21, "question_value": "123123"}}, {"model": "app.question", "pk": 3, "fields": {"quiz": 21, "question_value": "123123"}}, {"model": "app.question", "pk": 4, "fields": {"quiz": 22, "question_value": "first question"}}, {"model": "app.question", "pk": 5, "fields": {"quiz": 22, "question_value": "first question"}}, {"model": "app.question", "pk": 6, "fields": {"quiz": 22, "question_value": "first question"}}, {"model": "app.question", "pk": 7, "fields": {"quiz": 23, "question_value": "omg"}}, {"model": "app.question", "pk": 8, "fields": {"quiz": 25, "question_value": "kala"}}, {"model": "app.question", "pk": 9, "fields": {"quiz": 25, "question_value": "asdasd"}}, {"model": "app.question", "pk": 10, "fields": {"quiz": 25, "question_value": ""}}, {"model": "app.question", "pk": 11, "fields": {"quiz": 26, "question_value": "Millisest võitluskunstist on välja arenenud kaasaegne spordiala judo?"}}, {"model": "app.question", "pk": 12, "fields": {"quiz": 26, "question_value": "Millist aastat loetakse judo sünniaastaks?"}}, {"model": "app.question", "pk": 13, "fields": {"quiz": 26, "question_value": "Keda peetakse judo loojaks?"}}, {"model": "app.question", "pk": 14, "fields": {"quiz": 26, "question_value": "Maailma esimene judokool?"}}, {"model": "app.question", "pk": 15, "fields": {"quiz": 26, "question_value": "Mitme õpilasega alustas esimene judokool?"}}, {"model": "app.question", "pk": 16, "fields": {"quiz": 26, "question_value": "Millistes ruumides toimusid esimesed judotreeningud?"}}, {"model": "app.question", "pk": 17, "fields": {"quiz": 26, "question_value": "Mitmel tatamil toimusid esimesed judotreeningud?"}}, {"model": "app.question", "pk": 18, "fields": {"quiz": 26, "question_value": "Kes oli judo loojale välismaiseks nõuandjaks?"}}, {"model": "app.question", "pk": 19, "fields": {"quiz": 26, "question_value": "Mis aastal toimus nn otsustav võitlus, mis oli esimeseks sammuks järgnenud judo kiire progressi teel"}}, {"model": "app.question", "pk": 20, "fields": {"quiz": 26, "question_value": "Millal on judo looja sünnipäev?"}}, {"model": "app.question", "pk": 21, "fields": {"quiz": 26, "question_value": "Judo looja pikkus ja kaal?"}}, {"model": "app.question", "pk": 22, "fields": {"quiz": 26, "question_value": "Millal ja millises linnas toimus esimene judo demonstratsioonesinemine Euroopas?"}}, {"model": "app.question", "pk": 23, "fields": {"quiz": 26, "question_value": "Mis aastal judo looja suri?"}}, {"model": "app.question", "pk": 24, "fields": {"quiz": 26, "question_value": "Mis aastal määrati judo looja Jaapani kultuuri‐ ja haridusministriks?"}}, {"model": "app.question", "pk": 25, "fields": {"quiz": 26, "question_value": "Millal toimusid esimesed Jaapani meistrivõistlused judos (meestele)?"}}, {"model": "app.question", "pk": 26, "fields": {"quiz": 26, "question_value": "Millal loodi esimesed Kodokani filiaalid Euroopas?"}}, {"model": "app.question", "pk": 27, "fields": {"quiz": 26, "question_value": "Millal ja kus asutati Euroopa Judoliit (EJU)?"}}, {"model": "app.question", "pk": 28, "fields": {"quiz": 26, "question_value": "Millal ja kus asutati Rahvusvaheline Judoföderatsioon (IJF)?"}}, {"model": "app.question", "pk": 29, "fields": {"quiz": 26, "question_value": "Millal toimus esimene judo EM?"}}, {"model": "app.question", "pk": 30, "fields": {"quiz": 26, "question_value": "Kus toimus esimene judo EM?"}}, {"model": "app.question", "pk": 31, "fields": {"quiz": 26, "question_value": "Millal toimus esimene judo MM?"}}, {"model": "app.question", "pk": 32, "fields": {"quiz": 26, "question_value": "Kus toimus esimene judo MM?"}}, {"model": "app.question", "pk": 34, "fields": {"quiz": 26, "question_value": "Millal asutati Eesti Judoliit?"}}, {"model": "app.question", "pk": 35, "fields": {"quiz": 26, "question_value": "Millal toimusid esimesed Eesti meistrivõistlused judos?"}}, {"model": "app.question", "pk": 36, "fields": {"quiz": 26, "question_value": "Kus toimusid esimesed Eesti meistrivõistlused judos?"}}, {"model": "app.question", "pk": 37, "fields": {"quiz": 26, "question_value": "Millal toimus esimene judo MM naistele?"}}, {"model": "app.question", "pk": 38, "fields": {"quiz": 26, "question_value": "Kus toimus esimene judo MM naistele?"}}, {"model": "app.question", "pk": 39, "fields": {"quiz": 26, "question_value": "Millal maadlesid mehed esmakordselt OM‐il?"}}, {"model": "app.question", "pk": 40, "fields": {"quiz": 26, "question_value": "Millal maadlesid naised esmakordselt OM‐il?"}}, {"model": "app.question", "pk": 41, "fields": {"quiz": 26, "question_value": "Mis aastal maadlesid esmakordselt nii EM‐il kui MM‐il mehed ja naised koos?"}}, {"model": "app.question", "pk": 42, "fields": {"quiz": 26, "question_value": "Mitmes kategoorias võisteldi esimesel MM‐il?"}}, {"model": "app.question", "pk": 43, "fields": {"quiz": 26, "question_value": "Mitmes kategoorias võisteldi esimesel OM‐i judoturniiril?"}}, {"model": "app.question", "pk": 44, "fields": {"quiz": 26, "question_value": "Kes oli esimene judo maailmameister?"}}, {"model": "app.question", "pk": 45, "fields": {"quiz": 26, "question_value": "Kes oli esimene eurooplasest maailmameister ja olümpiavõitja judos?"}}, {"model": "app.question", "pk": 46, "fields": {"quiz": 26, "question_value": "Kes on tulnud kõige rohkem kordi Eesti meistriks?"}}, {"model": "app.question", "pk": 47, "fields": {"quiz": 26, "question_value": "Mitu riiki osales esimesel judo MM‐il?"}}, {"model": "app.question", "pk": 48, "fields": {"quiz": 26, "question_value": "Millal võeti kasutusele Koka, kui madalaim hinne sooritatud tehnika eest?"}}, {"model": "app.question", "pk": 49, "fields": {"quiz": 26, "question_value": "Millal võeti esmakordselt kasutusele seitse kaalukategooriat?"}}, {"model": "app.question", "pk": 50, "fields": {"quiz": 26, "question_value": "Millal võeti kasutusele praegu kehtivad kaalukategooriad?"}}, {"model": "app.question", "pk": 51, "fields": {"quiz": 28, "question_value": "123123"}}, {"model": "app.question", "pk": 52, "fields": {"quiz": 29, "question_value": "Millal peab judoka alustama treeningule häälestamist?"}}, {"model": "app.question", "pk": 53, "fields": {"quiz": 29, "question_value": "Mis on treeningu eduka kordamineku peamiseks tagatiseks"}}, {"model": "app.question", "pk": 54, "fields": {"quiz": 29, "question_value": "Mida tehakse dojosse sisenedes ja tatamile astudes?"}}, {"model": "app.question", "pk": 55, "fields": {"quiz": 29, "question_value": "Mida tehakse tatamilt ja dojost lahkudes?"}}, {"model": "app.question", "pk": 56, "fields": {"quiz": 29, "question_value": "Milline peab olema korrektne rei?"}}, {"model": "app.question", "pk": 57, "fields": {"quiz": 29, "question_value": "Milline õhkkond peab valitsema treeningul?"}}, {"model": "app.question", "pk": 58, "fields": {"quiz": 29, "question_value": "Tatamil liigutakse ainult:"}}, {"model": "app.question", "pk": 59, "fields": {"quiz": 29, "question_value": "Väljaspool tatamit liigutakse:"}}, {"model": "app.question", "pk": 60, "fields": {"quiz": 29, "question_value": "Kas puhtusel ja küünte pikkusel on treeningul mingit tähtsust?"}}, {"model": "app.question", "pk": 61, "fields": {"quiz": 29, "question_value": "Mida tuleb teha pikkade juustega"}}, {"model": "app.question", "pk": 62, "fields": {"quiz": 29, "question_value": "Kui pikk ajavahemik peaks jääma söömise ja treeningu alguse vahele?"}}, {"model": "app.question", "pk": 63, "fields": {"quiz": 29, "question_value": "Kui pikk ajavahemik peaks jääma treeningu lõpu ja söömise vahele?"}}, {"model": "app.question", "pk": 64, "fields": {"quiz": 29, "question_value": "Kas treeningu ajal või vahetult peale treeningut külma vee joomine on kasulik või kahjulik?"}}, {"model": "app.question", "pk": 65, "fields": {"quiz": 29, "question_value": ". Kas peale treeningut peab ennast pesema?"}}, {"model": "app.question", "pk": 66, "fields": {"quiz": 29, "question_value": "Kas treeningu ajal on söömine, joomine või nätsu närimine lubatud?"}}, {"model": "app.question", "pk": 67, "fields": {"quiz": 29, "question_value": "Kuidas peab toimima treeningule hilineja?"}}, {"model": "app.question", "pk": 68, "fields": {"quiz": 29, "question_value": "Kas ilma sensei loata tohib treeningult lahkuda?"}}, {"model": "app.question", "pk": 69, "fields": {"quiz": 29, "question_value": ". Mida peab väljendama rei oma partneriga harjutamist alustades ja lõpetades?"}}, {"model": "app.question", "pk": 70, "fields": {"quiz": 29, "question_value": "Milline on korrektne ritsu‐rei?"}}, {"model": "app.question", "pk": 71, "fields": {"quiz": 29, "question_value": "Mitu sammu peab peale partnerile rei sooritamist ette astuma ja mitu sammu harutuse lõppedes enne rei sooritamist tagasi astuma?"}}, {"model": "app.question", "pk": 72, "fields": {"quiz": 29, "question_value": "Kas rei sooritamisel peab olema judogi korrastatud?"}}, {"model": "app.question", "pk": 73, "fields": {"quiz": 29, "question_value": "Kuna sooritatakse ritsu‐rei ja kuna za‐rei"}}, {"model": "app.question", "pk": 74, "fields": {"quiz": 29, "question_value": "Millega peaks judoka tegelema, kui ta jääb randori või mõne muu treeningharjutuse sooritamisel vabaks?"}}, {"model": "app.question", "pk": 75, "fields": {"quiz": 29, "question_value": "Kas treeningul on jutuajamine lubatud?"}}, {"model": "app.question", "pk": 76, "fields": {"quiz": 29, "question_value": "Kuidas peab judoka käituma, kui treeningu käigus tekib puhkepaus?"}}, {"model": "app.question", "pk": 77, "fields": {"quiz": 29, "question_value": "Millises asendis on lubatud puhkepausi ajal olla?"}}, {"model": "app.question", "pk": 78, "fields": {"quiz": 29, "question_value": "Kas repliigid: „Ma ei saa”, „Ma ei oska”, „Ma ei viitsi”, „Ma ei suuda” on judotreeningul kohased?"}}, {"model": "app.question", "pk": 79, "fields": {"quiz": 29, "question_value": "Kas judotreeningul on esmane nippide õppimine või oma meelekindluse arendamine?"}}, {"model": "app.question", "pk": 80, "fields": {"quiz": 29, "question_value": "Kas kõrgemat vööastet omav judoka peab madalama vööga treeningukaaslast abistama?"}}, {"model": "app.question", "pk": 81, "fields": {"quiz": 29, "question_value": "Milline peab olema õpilaste järjestus treeningu alguse ja lõpu rivistusel?"}}, {"model": "app.question", "pk": 82, "fields": {"quiz": 29, "question_value": ". Kes on rivistumisel rivis alati esimene?"}}, {"model": "app.question", "pk": 83, "fields": {"quiz": 29, "question_value": "Kuidas laskutakse põlvitusse (za‐zen asendisse) ja tõustakse püsti?"}}, {"model": "app.question", "pk": 84, "fields": {"quiz": 29, "question_value": "Milline on treeningu alustamise rituaali õige järjekord?"}}, {"model": "app.question", "pk": 85, "fields": {"quiz": 29, "question_value": ". Milline on treeningu lõpetamise rituaali õige järjekord?"}}, {"model": "app.question", "pk": 86, "fields": {"quiz": 29, "question_value": ". Millise sensei käskluse peale peab grupp rivistuma?"}}, {"model": "app.question", "pk": 87, "fields": {"quiz": 29, "question_value": "Millise sensei käskluse peale toimub treeningul partnerite vahetus?"}}, {"model": "app.question", "pk": 88, "fields": {"quiz": 29, "question_value": "Mida tähendab käsklus „Sensei‐ni‐rei!” "}}, {"model": "app.question", "pk": 89, "fields": {"quiz": 29, "question_value": "Mida tähendab käsklus „Mokuso!” "}}, {"model": "app.question", "pk": 90, "fields": {"quiz": 29, "question_value": ". Kui pikalt peaks kesta mokuso?"}}, {"model": "app.question", "pk": 91, "fields": {"quiz": 29, "question_value": "Kellele kuulub tsitaat: „Kui mu elus ei oleks olnud maadlust, poleks tasunud eladagi, kuid kui peale treeniguid ei oleks olnud sooja dušši, poleks tasunud maadeldagi\""}}, {"model": "app.question", "pk": 92, "fields": {"quiz": 34, "question_value": "123123"}}, {"model": "app.question", "pk": 93, "fields": {"quiz": 35, "question_value": "Mis on eduka õppe‐treeningprotsessi ülesehitamise aluseks?"}}, {"model": "app.question", "pk": 94, "fields": {"quiz": 35, "question_value": "Millistest põhiosadest koosneb treeningplaan?"}}, {"model": "app.question", "pk": 95, "fields": {"quiz": 35, "question_value": "Milliseid treeningprotsessi tsükleid rakendatakse treeningute planeerimisel?"}}, {"model": "app.question", "pk": 96, "fields": {"quiz": 35, "question_value": "Millisteks osadeks jaotatakse treeningaasta?"}}, {"model": "app.question", "pk": 97, "fields": {"quiz": 35, "question_value": "Mitu protsenti planeeritud võistlustest ei tohiks omada konkreetset ülesannet?"}}, {"model": "app.question", "pk": 98, "fields": {"quiz": 35, "question_value": "Mitmesse tähtsusgruppi jaotatakse võistlused?"}}, {"model": "app.question", "pk": 99, "fields": {"quiz": 35, "question_value": "Millisteks osadeks jaotub treeningkormuste skaala?"}}, {"model": "app.question", "pk": 100, "fields": {"quiz": 35, "question_value": "Millistesse põhigruppidesse jaotuvad judo tehnikad?"}}, {"model": "app.question", "pk": 101, "fields": {"quiz": 35, "question_value": "Milline nendest tehnikatest kuulub Nage‐waza gruppi?"}}, {"model": "app.question", "pk": 102, "fields": {"quiz": 35, "question_value": ". Milline nendest tehnikatest kuulub Katame‐waza gruppi?"}}, {"model": "app.question", "pk": 103, "fields": {"quiz": 35, "question_value": "Millisesse gruppi kuulub Tai‐otoshi?"}}, {"model": "app.question", "pk": 104, "fields": {"quiz": 35, "question_value": ". Millisesse gruppi kuulub Harai‐goshi?"}}, {"model": "app.question", "pk": 105, "fields": {"quiz": 35, "question_value": "Millisesse gruppi kuulub O‐soto‐guruma?"}}, {"model": "app.question", "pk": 106, "fields": {"quiz": 35, "question_value": "4. Milline on optimaalne treeningtunni ajaline jaotus?"}}, {"model": "app.question", "pk": 107, "fields": {"quiz": 35, "question_value": "Millisteks osadeks jaotatakse planeerimisel kehaline ettevalmistus?"}}, {"model": "app.question", "pk": 108, "fields": {"quiz": 35, "question_value": "Millised loetletutest on tahtelis‐moraalsed omadused?"}}, {"model": "app.question", "pk": 109, "fields": {"quiz": 35, "question_value": "Milliseid vahendeid on soovitav kasutada visaduse arendamiseks?"}}, {"model": "app.question", "pk": 110, "fields": {"quiz": 35, "question_value": "Millise omaduse arendamiseks on soovitav kasutada järgmist meetodit? Randori palju tugevama partneriga, kus täidetakse jätgmisi ülesandeid: • mitte võimaldada partneril sooritada ipponi väärilist tehnikat; • pidada vastu võimalikult kaua, laskmata partneril sooritada hinnatavat tegevust; • sooritada ise vähemalt üks, kasvõi koka vääriline hinnatav tegevus;"}}, {"model": "app.question", "pk": 111, "fields": {"quiz": 35, "question_value": "Millist omadust arendavad järgmised nõudmised? • mitte hilineda treeningutele, kooli ega muudele kokkusaamistele; • käituda kõikjal viisakalt ja väärikalt (kodus, koolis, treeningul jne.)."}}, {"model": "app.question", "pk": 112, "fields": {"quiz": 35, "question_value": "Millist tüüpi võistlused on soovitatavad kuni 12 aastastele lastele?"}}, {"model": "app.question", "pk": 113, "fields": {"quiz": 35, "question_value": "Mitmel võistlusel on soovitatav osaleda esimesel õppeaastal?"}}, {"model": "app.question", "pk": 114, "fields": {"quiz": 35, "question_value": ". Millistele kriteeriumitele peab vastama kyu‐eksamil tehnika, et saada hinne „väga hea”?"}}, {"model": "app.question", "pk": 115, "fields": {"quiz": 35, "question_value": "Milline peaks olema tehnilis‐taktikalise ja üldkehalise ettevalmistuse suhe esimesel õppeaastal (kuni 10a lapsed)?"}}, {"model": "app.question", "pk": 116, "fields": {"quiz": 35, "question_value": ". Milline peaks olema tehnilis‐taktikalise ja üldkehalise ettevalmistuse suhe kuuendal õppeaastal (kuni 16a noorukid)?"}}, {"model": "app.question", "pk": 117, "fields": {"quiz": 35, "question_value": "Mitu korda peaks tõusma treeningu maht, võrreldes esimest ja neljandat õppeaastat?"}}, {"model": "app.question", "pk": 118, "fields": {"quiz": 35, "question_value": "Mitu korda peaks tõusma võistlustel osalemise maht, võrreldes esimest ja neljandat õppeaastat?"}}, {"model": "app.answeroption", "pk": 1, "fields": {"question": 3, "value": "123123", "correct": false}}, {"model": "app.answeroption", "pk": 2, "fields": {"question": 3, "value": "123123", "correct": false}}, {"model": "app.answeroption", "pk": 3, "fields": {"question": 3, "value": "123123", "correct": true}}, {"model": "app.answeroption", "pk": 4, "fields": {"question": 6, "value": "my god, amazing", "correct": true}}, {"model": "app.answeroption", "pk": 5, "fields": {"question": 6, "value": "not amazing", "correct": false}}, {"model": "app.answeroption", "pk": 6, "fields": {"question": 6, "value": "maybe", "correct": false}}, {"model": "app.answeroption", "pk": 7, "fields": {"question": 7, "value": "111", "correct": true}}, {"model": "app.answeroption", "pk": 8, "fields": {"question": 7, "value": "222", "correct": false}}, {"model": "app.answeroption", "pk": 9, "fields": {"question": 7, "value": "333", "correct": false}}, {"model": "app.answeroption", "pk": 10, "fields": {"question": 8, "value": "1", "correct": false}}, {"model": "app.answeroption", "pk": 11, "fields": {"question": 8, "value": "2", "correct": true}}, {"model": "app.answeroption", "pk": 12, "fields": {"question": 8, "value": "3", "correct": false}}, {"model": "app.answeroption", "pk": 13, "fields": {"question": 9, "value": "13", "correct": false}}, {"model": "app.answeroption", "pk": 14, "fields": {"question": 9, "value": "22", "correct": false}}, {"model": "app.answeroption", "pk": 15, "fields": {"question": 9, "value": "33", "correct": false}}, {"model": "app.answeroption", "pk": 16, "fields": {"question": 10, "value": "123333", "correct": false}}, {"model": "app.answeroption", "pk": 17, "fields": {"question": 10, "value": "1233", "correct": false}}, {"model": "app.answeroption", "pk": 18, "fields": {"question": 11, "value": "Ju‐kendo", "correct": false}}, {"model": "app.answeroption", "pk": 19, "fields": {"question": 11, "value": "Kumiuchi", "correct": false}}, {"model": "app.answeroption", "pk": 20, "fields": {"question": 11, "value": "Ju‐jitsu", "correct": true}}, {"model": "app.answeroption", "pk": 21, "fields": {"question": 11, "value": "Aikido", "correct": false}}, {"model": "app.answeroption", "pk": 22, "fields": {"question": 12, "value": "1860", "correct": false}}, {"model": "app.answeroption", "pk": 23, "fields": {"question": 12, "value": "1882", "correct": true}}, {"model": "app.answeroption", "pk": 24, "fields": {"question": 12, "value": "1886", "correct": false}}, {"model": "app.answeroption", "pk": 25, "fields": {"question": 12, "value": "1901", "correct": false}}, {"model": "app.answeroption", "pk": 26, "fields": {"question": 13, "value": "Morihei Ueshiba", "correct": false}}, {"model": "app.answeroption", "pk": 27, "fields": {"question": 13, "value": "Kichin Funakoshi", "correct": false}}, {"model": "app.answeroption", "pk": 28, "fields": {"question": 13, "value": "Jigoro Kano", "correct": true}}, {"model": "app.answeroption", "pk": 29, "fields": {"question": 13, "value": "Juichi Kano", "correct": false}}, {"model": "app.answeroption", "pk": 30, "fields": {"question": 14, "value": "Tokai‐ryu", "correct": false}}, {"model": "app.answeroption", "pk": 31, "fields": {"question": 14, "value": "Kodokan", "correct": true}}, {"model": "app.answeroption", "pk": 32, "fields": {"question": 14, "value": "Takenouchi‐ryu", "correct": false}}, {"model": "app.answeroption", "pk": 33, "fields": {"question": 14, "value": "Nichidai", "correct": false}}, {"model": "app.answeroption", "pk": 34, "fields": {"question": 15, "value": "9", "correct": true}}, {"model": "app.answeroption", "pk": 35, "fields": {"question": 15, "value": "24", "correct": false}}, {"model": "app.answeroption", "pk": 36, "fields": {"question": 15, "value": "12", "correct": false}}, {"model": "app.answeroption", "pk": 37, "fields": {"question": 15, "value": "62", "correct": false}}, {"model": "app.answeroption", "pk": 38, "fields": {"question": 16, "value": "Kamakura templis", "correct": false}}, {"model": "app.answeroption", "pk": 39, "fields": {"question": 16, "value": "Eisho‐ji templis", "correct": true}}, {"model": "app.answeroption", "pk": 40, "fields": {"question": 16, "value": "Yamanashi templis", "correct": false}}, {"model": "app.answeroption", "pk": 41, "fields": {"question": 16, "value": "Tokio keiserlikus ülikoolis", "correct": false}}, {"model": "app.answeroption", "pk": 42, "fields": {"question": 17, "value": "24", "correct": false}}, {"model": "app.answeroption", "pk": 43, "fields": {"question": 17, "value": "12", "correct": true}}, {"model": "app.answeroption", "pk": 44, "fields": {"question": 17, "value": "48", "correct": false}}, {"model": "app.answeroption", "pk": 45, "fields": {"question": 17, "value": "96", "correct": false}}, {"model": "app.answeroption", "pk": 46, "fields": {"question": 18, "value": "Vassili Oštšepkov", "correct": false}}, {"model": "app.answeroption", "pk": 47, "fields": {"question": 18, "value": "Anton Geesink", "correct": true}}, {"model": "app.answeroption", "pk": 48, "fields": {"question": 18, "value": "Andres Lutsar", "correct": false}}, {"model": "app.answeroption", "pk": 49, "fields": {"question": 18, "value": "Erwin Baltz", "correct": false}}, {"model": "app.answeroption", "pk": 50, "fields": {"question": 19, "value": "1886", "correct": true}}, {"model": "app.answeroption", "pk": 51, "fields": {"question": 19, "value": "1882", "correct": false}}, {"model": "app.answeroption", "pk": 52, "fields": {"question": 19, "value": "1892", "correct": false}}, {"model": "app.answeroption", "pk": 53, "fields": {"question": 19, "value": "1901", "correct": false}}, {"model": "app.answeroption", "pk": 54, "fields": {"question": 20, "value": "04.04 1864", "correct": false}}, {"model": "app.answeroption", "pk": 55, "fields": {"question": 20, "value": "28.10.1860", "correct": true}}, {"model": "app.answeroption", "pk": 56, "fields": {"question": 20, "value": "22.04.1870", "correct": false}}, {"model": "app.answeroption", "pk": 57, "fields": {"question": 20, "value": "09.03.1937", "correct": false}}, {"model": "app.answeroption", "pk": 58, "fields": {"question": 21, "value": "1970cm/72kg", "correct": false}}, {"model": "app.answeroption", "pk": 59, "fields": {"question": 21, "value": "168kg/83kg", "correct": false}}, {"model": "app.answeroption", "pk": 60, "fields": {"question": 21, "value": "150cm/48kg", "correct": true}}, {"model": "app.answeroption", "pk": 61, "fields": {"question": 21, "value": "185cm/88kg", "correct": false}}, {"model": "app.answeroption", "pk": 62, "fields": {"question": 22, "value": "1889 Hamburg", "correct": false}}, {"model": "app.answeroption", "pk": 63, "fields": {"question": 22, "value": "1891 Pariis", "correct": false}}, {"model": "app.answeroption", "pk": 64, "fields": {"question": 22, "value": "1890 London", "correct": true}}, {"model": "app.answeroption", "pk": 65, "fields": {"question": 22, "value": "1892 Rotterdam", "correct": false}}, {"model": "app.answeroption", "pk": 66, "fields": {"question": 23, "value": "1928", "correct": false}}, {"model": "app.answeroption", "pk": 67, "fields": {"question": 23, "value": "1930", "correct": false}}, {"model": "app.answeroption", "pk": 68, "fields": {"question": 23, "value": "1935", "correct": false}}, {"model": "app.answeroption", "pk": 69, "fields": {"question": 23, "value": "1938", "correct": true}}, {"model": "app.answeroption", "pk": 70, "fields": {"question": 24, "value": "1912", "correct": false}}, {"model": "app.answeroption", "pk": 71, "fields": {"question": 24, "value": "1920", "correct": false}}, {"model": "app.answeroption", "pk": 72, "fields": {"question": 24, "value": "1922", "correct": false}}, {"model": "app.answeroption", "pk": 73, "fields": {"question": 24, "value": "1932", "correct": true}}, {"model": "app.answeroption", "pk": 74, "fields": {"question": 25, "value": "1895", "correct": false}}, {"model": "app.answeroption", "pk": 75, "fields": {"question": 25, "value": "1905", "correct": false}}, {"model": "app.answeroption", "pk": 76, "fields": {"question": 25, "value": "1925", "correct": true}}, {"model": "app.answeroption", "pk": 77, "fields": {"question": 25, "value": "1920", "correct": false}}, {"model": "app.answeroption", "pk": 78, "fields": {"question": 26, "value": "1925", "correct": false}}, {"model": "app.answeroption", "pk": 79, "fields": {"question": 26, "value": "1932", "correct": false}}, {"model": "app.answeroption", "pk": 80, "fields": {"question": 26, "value": "1938", "correct": true}}, {"model": "app.answeroption", "pk": 81, "fields": {"question": 26, "value": "1940", "correct": false}}, {"model": "app.answeroption", "pk": 82, "fields": {"question": 27, "value": "1939 Berliin", "correct": false}}, {"model": "app.answeroption", "pk": 83, "fields": {"question": 27, "value": "1948 Pariis", "correct": true}}, {"model": "app.answeroption", "pk": 84, "fields": {"question": 27, "value": "1952 London", "correct": false}}, {"model": "app.answeroption", "pk": 85, "fields": {"question": 27, "value": "1956 Viin", "correct": false}}, {"model": "app.answeroption", "pk": 86, "fields": {"question": 28, "value": "1938 Berliin", "correct": false}}, {"model": "app.answeroption", "pk": 87, "fields": {"question": 28, "value": "1948 Pariis", "correct": false}}, {"model": "app.answeroption", "pk": 88, "fields": {"question": 28, "value": "1952 Tokyo", "correct": true}}, {"model": "app.answeroption", "pk": 89, "fields": {"question": 28, "value": "1956 Los Angeles", "correct": false}}, {"model": "app.answeroption", "pk": 90, "fields": {"question": 29, "value": "1948", "correct": false}}, {"model": "app.answeroption", "pk": 91, "fields": {"question": 29, "value": "1950", "correct": false}}, {"model": "app.answeroption", "pk": 92, "fields": {"question": 29, "value": "1951", "correct": true}}, {"model": "app.answeroption", "pk": 93, "fields": {"question": 29, "value": "1956", "correct": false}}, {"model": "app.answeroption", "pk": 94, "fields": {"question": 30, "value": "London", "correct": false}}, {"model": "app.answeroption", "pk": 95, "fields": {"question": 30, "value": "Viin", "correct": false}}, {"model": "app.answeroption", "pk": 96, "fields": {"question": 30, "value": "Berliin", "correct": false}}, {"model": "app.answeroption", "pk": 97, "fields": {"question": 30, "value": "Pariis", "correct": true}}, {"model": "app.answeroption", "pk": 98, "fields": {"question": 31, "value": "1948", "correct": false}}, {"model": "app.answeroption", "pk": 99, "fields": {"question": 31, "value": "1956", "correct": true}}, {"model": "app.answeroption", "pk": 100, "fields": {"question": 31, "value": "1952", "correct": false}}, {"model": "app.answeroption", "pk": 101, "fields": {"question": 31, "value": "1950", "correct": false}}, {"model": "app.answeroption", "pk": 102, "fields": {"question": 32, "value": "London", "correct": false}}, {"model": "app.answeroption", "pk": 103, "fields": {"question": 32, "value": "Pariis", "correct": false}}, {"model": "app.answeroption", "pk": 104, "fields": {"question": 32, "value": "Tokyo", "correct": true}}, {"model": "app.answeroption", "pk": 105, "fields": {"question": 32, "value": "Amsterdam", "correct": false}}, {"model": "app.answeroption", "pk": 106, "fields": {"question": 34, "value": "1968", "correct": false}}, {"model": "app.answeroption", "pk": 107, "fields": {"question": 34, "value": "1972", "correct": false}}, {"model": "app.answeroption", "pk": 108, "fields": {"question": 34, "value": "1977", "correct": false}}, {"model": "app.answeroption", "pk": 109, "fields": {"question": 34, "value": "1989", "correct": true}}, {"model": "app.answeroption", "pk": 110, "fields": {"question": 35, "value": "1969", "correct": false}}, {"model": "app.answeroption", "pk": 111, "fields": {"question": 35, "value": "1975", "correct": false}}, {"model": "app.answeroption", "pk": 112, "fields": {"question": 35, "value": "1973", "correct": true}}, {"model": "app.answeroption", "pk": 113, "fields": {"question": 35, "value": "1978", "correct": false}}, {"model": "app.answeroption", "pk": 114, "fields": {"question": 36, "value": "Tallinn", "correct": true}}, {"model": "app.answeroption", "pk": 115, "fields": {"question": 36, "value": "Vinni", "correct": false}}, {"model": "app.answeroption", "pk": 116, "fields": {"question": 36, "value": "Tartu", "correct": false}}, {"model": "app.answeroption", "pk": 117, "fields": {"question": 36, "value": "Võru", "correct": false}}, {"model": "app.answeroption", "pk": 118, "fields": {"question": 37, "value": "1966", "correct": false}}, {"model": "app.answeroption", "pk": 119, "fields": {"question": 37, "value": "1976", "correct": false}}, {"model": "app.answeroption", "pk": 120, "fields": {"question": 37, "value": "1980", "correct": true}}, {"model": "app.answeroption", "pk": 121, "fields": {"question": 37, "value": "1984", "correct": false}}, {"model": "app.answeroption", "pk": 122, "fields": {"question": 38, "value": "Pariis", "correct": true}}, {"model": "app.answeroption", "pk": 123, "fields": {"question": 38, "value": "New York", "correct": false}}, {"model": "app.answeroption", "pk": 124, "fields": {"question": 38, "value": "London", "correct": false}}, {"model": "app.answeroption", "pk": 125, "fields": {"question": 38, "value": "Viin", "correct": false}}, {"model": "app.answeroption", "pk": 126, "fields": {"question": 39, "value": "1960", "correct": false}}, {"model": "app.answeroption", "pk": 127, "fields": {"question": 39, "value": "1964", "correct": true}}, {"model": "app.answeroption", "pk": 128, "fields": {"question": 39, "value": "1968", "correct": false}}, {"model": "app.answeroption", "pk": 129, "fields": {"question": 39, "value": "1972", "correct": false}}, {"model": "app.answeroption", "pk": 130, "fields": {"question": 40, "value": "1984", "correct": false}}, {"model": "app.answeroption", "pk": 131, "fields": {"question": 40, "value": "1988", "correct": false}}, {"model": "app.answeroption", "pk": 132, "fields": {"question": 40, "value": "1992", "correct": true}}, {"model": "app.answeroption", "pk": 133, "fields": {"question": 40, "value": "1996", "correct": false}}, {"model": "app.answeroption", "pk": 134, "fields": {"question": 41, "value": "1985", "correct": false}}, {"model": "app.answeroption", "pk": 135, "fields": {"question": 41, "value": "1987", "correct": false}}, {"model": "app.answeroption", "pk": 136, "fields": {"question": 41, "value": "1989", "correct": true}}, {"model": "app.answeroption", "pk": 137, "fields": {"question": 41, "value": "1991", "correct": false}}, {"model": "app.answeroption", "pk": 138, "fields": {"question": 42, "value": "1", "correct": true}}, {"model": "app.answeroption", "pk": 139, "fields": {"question": 42, "value": "3", "correct": false}}, {"model": "app.answeroption", "pk": 140, "fields": {"question": 42, "value": "5", "correct": false}}, {"model": "app.answeroption", "pk": 141, "fields": {"question": 42, "value": "7", "correct": false}}, {"model": "app.answeroption", "pk": 142, "fields": {"question": 43, "value": "3", "correct": false}}, {"model": "app.answeroption", "pk": 143, "fields": {"question": 43, "value": "6", "correct": false}}, {"model": "app.answeroption", "pk": 144, "fields": {"question": 43, "value": "4", "correct": true}}, {"model": "app.answeroption", "pk": 145, "fields": {"question": 43, "value": "8", "correct": false}}, {"model": "app.answeroption", "pk": 146, "fields": {"question": 44, "value": "Anton Geesink", "correct": false}}, {"model": "app.answeroption", "pk": 147, "fields": {"question": 44, "value": "Koiji Sone", "correct": false}}, {"model": "app.answeroption", "pk": 148, "fields": {"question": 44, "value": "Soji Natsui", "correct": true}}, {"model": "app.answeroption", "pk": 149, "fields": {"question": 44, "value": "Tõnu Lume", "correct": false}}, {"model": "app.answeroption", "pk": 150, "fields": {"question": 45, "value": "Andrus Veerpalu", "correct": false}}, {"model": "app.answeroption", "pk": 151, "fields": {"question": 45, "value": "Indrek Pertelson", "correct": false}}, {"model": "app.answeroption", "pk": 152, "fields": {"question": 45, "value": "Anton Geesink", "correct": true}}, {"model": "app.answeroption", "pk": 153, "fields": {"question": 45, "value": "Kim Yon Sun", "correct": false}}, {"model": "app.answeroption", "pk": 154, "fields": {"question": 46, "value": "Aavo Põhjala", "correct": true}}, {"model": "app.answeroption", "pk": 155, "fields": {"question": 46, "value": "Jevgeni Tširkin", "correct": false}}, {"model": "app.answeroption", "pk": 156, "fields": {"question": 46, "value": "Indrek Pertelson", "correct": false}}, {"model": "app.answeroption", "pk": 157, "fields": {"question": 46, "value": "Tõnu Lume", "correct": false}}, {"model": "app.answeroption", "pk": 158, "fields": {"question": 47, "value": "15", "correct": true}}, {"model": "app.answeroption", "pk": 159, "fields": {"question": 47, "value": "21", "correct": false}}, {"model": "app.answeroption", "pk": 160, "fields": {"question": 47, "value": "28", "correct": false}}, {"model": "app.answeroption", "pk": 161, "fields": {"question": 47, "value": "33", "correct": false}}, {"model": "app.answeroption", "pk": 162, "fields": {"question": 48, "value": "1964", "correct": false}}, {"model": "app.answeroption", "pk": 163, "fields": {"question": 48, "value": "1968", "correct": false}}, {"model": "app.answeroption", "pk": 164, "fields": {"question": 48, "value": "1972", "correct": false}}, {"model": "app.answeroption", "pk": 165, "fields": {"question": 48, "value": "1976", "correct": true}}, {"model": "app.answeroption", "pk": 166, "fields": {"question": 49, "value": "1967", "correct": false}}, {"model": "app.answeroption", "pk": 167, "fields": {"question": 49, "value": "1969", "correct": false}}, {"model": "app.answeroption", "pk": 168, "fields": {"question": 49, "value": "1979", "correct": true}}, {"model": "app.answeroption", "pk": 169, "fields": {"question": 49, "value": "1981", "correct": false}}, {"model": "app.answeroption", "pk": 170, "fields": {"question": 50, "value": "1969", "correct": false}}, {"model": "app.answeroption", "pk": 171, "fields": {"question": 50, "value": "1979", "correct": false}}, {"model": "app.answeroption", "pk": 172, "fields": {"question": 50, "value": "1988", "correct": false}}, {"model": "app.answeroption", "pk": 173, "fields": {"question": 50, "value": "1998", "correct": true}}, {"model": "app.answeroption", "pk": 174, "fields": {"question": 51, "value": "111", "correct": false}}, {"model": "app.answeroption", "pk": 175, "fields": {"question": 51, "value": "222", "correct": true}}, {"model": "app.answeroption", "pk": 176, "fields": {"question": 51, "value": "333", "correct": false}}, {"model": "app.answeroption", "pk": 177, "fields": {"question": 51, "value": "444", "correct": false}}, {"model": "app.answeroption", "pk": 178, "fields": {"question": 52, "value": "rõivistus judogid kotist välja võttes", "correct": false}}, {"model": "app.answeroption", "pk": 179, "fields": {"question": 52, "value": "siis kui judogi on juba seljas", "correct": false}}, {"model": "app.answeroption", "pk": 180, "fields": {"question": 52, "value": "kodunt lahkudes", "correct": false}}, {"model": "app.answeroption", "pk": 181, "fields": {"question": 52, "value": "dojosse astudes", "correct": true}}, {"model": "app.answeroption", "pk": 182, "fields": {"question": 53, "value": "õige treeningule häälestatus", "correct": true}}, {"model": "app.answeroption", "pk": 183, "fields": {"question": 53, "value": "puhas judogi", "correct": false}}, {"model": "app.answeroption", "pk": 184, "fields": {"question": 53, "value": "sensei kohalolek", "correct": false}}, {"model": "app.answeroption", "pk": 185, "fields": {"question": 53, "value": "sensei puudumine", "correct": false}}, {"model": "app.answeroption", "pk": 186, "fields": {"question": 54, "value": "pannakse sussid jalga", "correct": false}}, {"model": "app.answeroption", "pk": 187, "fields": {"question": 54, "value": "osutatakse treeningpaigale austust väljapeetud kummardusega", "correct": true}}, {"model": "app.answeroption", "pk": 188, "fields": {"question": 54, "value": "hüütakse kõva häälega: „Privett kutid!", "correct": false}}, {"model": "app.answeroption", "pk": 189, "fields": {"question": 54, "value": "mitte midagi pole vaja teha", "correct": false}}, {"model": "app.answeroption", "pk": 190, "fields": {"question": 55, "value": "võetakse sussid jalast", "correct": false}}, {"model": "app.answeroption", "pk": 191, "fields": {"question": 55, "value": "sülitatakse näts prügikasti", "correct": false}}, {"model": "app.answeroption", "pk": 192, "fields": {"question": 55, "value": "hüütakse kõva häälega: „Pakaa kutid!", "correct": false}}, {"model": "app.answeroption", "pk": 193, "fields": {"question": 55, "value": "sooritatakse väljapeetud kummardus kamiza suunas.", "correct": true}}, {"model": "app.answeroption", "pk": 194, "fields": {"question": 56, "value": "võimalikult kiiresti sooritatud", "correct": false}}, {"model": "app.answeroption", "pk": 195, "fields": {"question": 56, "value": "pole oluline, peaasi, et mingi nõksu teed", "correct": false}}, {"model": "app.answeroption", "pk": 196, "fields": {"question": 56, "value": "kummarduses peab väljenduma austus treeningpaiga, ‐partneri või sensei vastu", "correct": true}}, {"model": "app.answeroption", "pk": 197, "fields": {"question": 56, "value": "mõttetu tegevus", "correct": false}}, {"model": "app.answeroption", "pk": 198, "fields": {"question": 57, "value": "vastastikuse austuse ja abistamise õhkkond", "correct": true}}, {"model": "app.answeroption", "pk": 199, "fields": {"question": 57, "value": "võimalikult lõbus ja ülemeelik", "correct": false}}, {"model": "app.answeroption", "pk": 200, "fields": {"question": 57, "value": "hästi töine ja karm", "correct": false}}, {"model": "app.answeroption", "pk": 201, "fields": {"question": 57, "value": "mingit õhkkonda pole vaja – teen, mis tahan", "correct": false}}, {"model": "app.answeroption", "pk": 202, "fields": {"question": 58, "value": "vasavates spetsiaalsetes jalanõudes", "correct": false}}, {"model": "app.answeroption", "pk": 203, "fields": {"question": 58, "value": "paljajalu", "correct": true}}, {"model": "app.answeroption", "pk": 204, "fields": {"question": 58, "value": "valgetes sokkides", "correct": false}}, {"model": "app.answeroption", "pk": 205, "fields": {"question": 58, "value": "mustades sokkides", "correct": false}}, {"model": "app.answeroption", "pk": 206, "fields": {"question": 59, "value": "spetsiaalsetes sandaalides (zori)", "correct": true}}, {"model": "app.answeroption", "pk": 207, "fields": {"question": 59, "value": "paljajalu", "correct": false}}, {"model": "app.answeroption", "pk": 208, "fields": {"question": 59, "value": "tänavajalanõudes või tossudes", "correct": false}}, {"model": "app.answeroption", "pk": 209, "fields": {"question": 59, "value": "rulaga", "correct": false}}, {"model": "app.answeroption", "pk": 210, "fields": {"question": 60, "value": "sel pole mingit tähtsust", "correct": false}}, {"model": "app.answeroption", "pk": 211, "fields": {"question": 60, "value": "kõikjal peab valtsema puhtus ning varvaste ja sõrmede küüned pevad olema lõigatud lühikeseks, et vältida treeningpartneri vigastamist ning infektsiooniohtu", "correct": true}}, {"model": "app.answeroption", "pk": 212, "fields": {"question": 60, "value": "pikkade küüntega on parem vastase kimonost haarata", "correct": false}}, {"model": "app.answeroption", "pk": 213, "fields": {"question": 60, "value": "mida määrdunum judogi ja pikemad küüned seda popim", "correct": false}}, {"model": "app.answeroption", "pk": 214, "fields": {"question": 61, "value": "ilusaks soenguks kammida", "correct": false}}, {"model": "app.answeroption", "pk": 215, "fields": {"question": 61, "value": "võimalikult lühikeseks lõigata", "correct": false}}, {"model": "app.answeroption", "pk": 216, "fields": {"question": 61, "value": "hoida lahtiselt, et treeningpartneril oleks võimalikult ebamugavam haarata", "correct": false}}, {"model": "app.answeroption", "pk": 217, "fields": {"question": 61, "value": "kuklale kinni siduda, et nad ei segaks treeningpartnerit", "correct": true}}, {"model": "app.answeroption", "pk": 218, "fields": {"question": 62, "value": "½ tundi", "correct": false}}, {"model": "app.answeroption", "pk": 219, "fields": {"question": 62, "value": "3‐4 tundi", "correct": false}}, {"model": "app.answeroption", "pk": 220, "fields": {"question": 62, "value": "1,5‐2 tundi", "correct": true}}, {"model": "app.answeroption", "pk": 221, "fields": {"question": 62, "value": "täiesti ükskõik", "correct": false}}, {"model": "app.answeroption", "pk": 222, "fields": {"question": 63, "value": "1‐1,5 tundi", "correct": true}}, {"model": "app.answeroption", "pk": 223, "fields": {"question": 63, "value": "Kohe peale trenni hakkan pugima", "correct": false}}, {"model": "app.answeroption", "pk": 224, "fields": {"question": 63, "value": "3‐4 tundi", "correct": false}}, {"model": "app.answeroption", "pk": 225, "fields": {"question": 63, "value": "½ tundi", "correct": false}}, {"model": "app.answeroption", "pk": 226, "fields": {"question": 64, "value": "väga kasulik ja karastav", "correct": false}}, {"model": "app.answeroption", "pk": 227, "fields": {"question": 64, "value": "väga kahjulik, sest võib põhjustada südamelihaste haigestumist", "correct": true}}, {"model": "app.answeroption", "pk": 228, "fields": {"question": 64, "value": "ei ole kasulik ega kahjulik", "correct": false}}, {"model": "app.answeroption", "pk": 229, "fields": {"question": 64, "value": "mõnus on kulistada", "correct": false}}, {"model": "app.answeroption", "pk": 230, "fields": {"question": 65, "value": "selleks pole mingit vajadust", "correct": false}}, {"model": "app.answeroption", "pk": 231, "fields": {"question": 65, "value": "olenevalt sellest, kuidas tuju on", "correct": false}}, {"model": "app.answeroption", "pk": 232, "fields": {"question": 65, "value": "kindlasti peab end pesema sooja dušši all", "correct": true}}, {"model": "app.answeroption", "pk": 233, "fields": {"question": 65, "value": "kindlasti peab end pesema külma veega", "correct": false}}, {"model": "app.answeroption", "pk": 234, "fields": {"question": 66, "value": "see on täielikult keelatud", "correct": true}}, {"model": "app.answeroption", "pk": 235, "fields": {"question": 66, "value": "nätsu võib närida küll", "correct": false}}, {"model": "app.answeroption", "pk": 236, "fields": {"question": 66, "value": "võileib tuleb alati trenni kaasa võtta", "correct": false}}, {"model": "app.answeroption", "pk": 237, "fields": {"question": 66, "value": "natuke ikka võib", "correct": false}}, {"model": "app.answeroption", "pk": 238, "fields": {"question": 67, "value": "hakkab teistega koos harjutama ja kogu lugu", "correct": false}}, {"model": "app.answeroption", "pk": 239, "fields": {"question": 67, "value": "ootab tatami serval momenti, millal sensei muust tegevusest vabaneb, läheneb talle siis kahe sammu kaugusele, sooritab korrektse kummarduse ning palub luba treeningust osavõtuks", "correct": true}}, {"model": "app.answeroption", "pk": 240, "fields": {"question": 67, "value": "astub dojosse ja kuulutab kõigile, et on kohale jõudnud", "correct": false}}, {"model": "app.answeroption", "pk": 241, "fields": {"question": 67, "value": "laskub sensei ette põlvili, sooritab kaks korda sügava kummarduse ja palub alandlikult luba treeningust osavõtuks", "correct": false}}, {"model": "app.answeroption", "pk": 242, "fields": {"question": 68, "value": "tohib küll", "correct": false}}, {"model": "app.answeroption", "pk": 243, "fields": {"question": 68, "value": "vahel tohib", "correct": false}}, {"model": "app.answeroption", "pk": 244, "fields": {"question": 68, "value": "üldiselt ei tohi", "correct": false}}, {"model": "app.answeroption", "pk": 245, "fields": {"question": 68, "value": "mitte mingil juhul.", "correct": true}}, {"model": "app.answeroption", "pk": 246, "fields": {"question": 69, "value": "sensei nõudmistele allumist", "correct": false}}, {"model": "app.answeroption", "pk": 247, "fields": {"question": 69, "value": "alguses austust ja palvet tulla endaga harjutama ning lõpus tänu abi eest", "correct": true}}, {"model": "app.answeroption", "pk": 248, "fields": {"question": 69, "value": "mitte midagi ei tähenda", "correct": false}}, {"model": "app.answeroption", "pk": 249, "fields": {"question": 69, "value": "sügavat usaldust ja armastust", "correct": false}}, {"model": "app.answeroption", "pk": 250, "fields": {"question": 70, "value": "jalad harkis, kimono hõlmad laiali, kerge noogutus peaga", "correct": false}}, {"model": "app.answeroption", "pk": 251, "fields": {"question": 70, "value": "Kannad koos, varbad ca 45 kraadise nurga all laiali, kummardus puusadest ca 30 kraadi", "correct": true}}, {"model": "app.answeroption", "pk": 252, "fields": {"question": 70, "value": "kannad ja varbad koos, kummardus puusadest ca 60 kraadi", "correct": false}}, {"model": "app.answeroption", "pk": 253, "fields": {"question": 70, "value": "suvaline nõksatus", "correct": false}}, {"model": "app.answeroption", "pk": 254, "fields": {"question": 71, "value": "alguses kaks sammu ette ja lõpus samm tagasi", "correct": false}}, {"model": "app.answeroption", "pk": 255, "fields": {"question": 71, "value": "alguses samm ette ja lõpus kaks sammu tagasi", "correct": false}}, {"model": "app.answeroption", "pk": 256, "fields": {"question": 71, "value": "täiesti suva", "correct": false}}, {"model": "app.answeroption", "pk": 257, "fields": {"question": 71, "value": "alguses samm ette ja lõpus samm tagasi", "correct": true}}, {"model": "app.answeroption", "pk": 258, "fields": {"question": 72, "value": "ei pea", "correct": false}}, {"model": "app.answeroption", "pk": 259, "fields": {"question": 72, "value": "ainult võistlustel", "correct": false}}, {"model": "app.answeroption", "pk": 260, "fields": {"question": 72, "value": "jah alati", "correct": true}}, {"model": "app.answeroption", "pk": 261, "fields": {"question": 72, "value": "vastavalt tujule", "correct": false}}, {"model": "app.answeroption", "pk": 262, "fields": {"question": 73, "value": "ritsu‐rei sooritatakse dojosse sisenedes ja sealt väljudes ning nage‐waza treeningul, za‐rei aga treeningu alguses ja lõpus ning ne‐waza treeningul", "correct": true}}, {"model": "app.answeroption", "pk": 263, "fields": {"question": 73, "value": "täiesti suva", "correct": false}}, {"model": "app.answeroption", "pk": 264, "fields": {"question": 73, "value": "ritsu‐rei sooritatakse treeningu alguses ja lõpus ning ne‐waza treeningul, za‐rei aga dojosse sisenedes ja sealt väljudes ning nage‐waza treeningul", "correct": false}}, {"model": "app.answeroption", "pk": 265, "fields": {"question": 73, "value": "sõltub sensei meeleolust", "correct": false}}, {"model": "app.answeroption", "pk": 266, "fields": {"question": 74, "value": "tatamil pikutama ja puhkama", "correct": false}}, {"model": "app.answeroption", "pk": 267, "fields": {"question": 74, "value": "tegelema oma tehnika või füüsiliste võimete nõrkade kohtade arendamisega", "correct": true}}, {"model": "app.answeroption", "pk": 268, "fields": {"question": 74, "value": "istuma ja mõtisklema", "correct": false}}, {"model": "app.answeroption", "pk": 269, "fields": {"question": 74, "value": "lugema ajalehte", "correct": false}}, {"model": "app.answeroption", "pk": 270, "fields": {"question": 75, "value": "ei ole lubatud mingit jutuajamist", "correct": false}}, {"model": "app.answeroption", "pk": 271, "fields": {"question": 75, "value": "lobise millest tahad ja kui palju tahad", "correct": false}}, {"model": "app.answeroption", "pk": 272, "fields": {"question": 75, "value": "keelatud on jutt, mis ei puuduta judot või konkreetset tehnikat millega parasjagu tegeletakse", "correct": true}}, {"model": "app.answeroption", "pk": 273, "fields": {"question": 75, "value": "lubatud on jutt, mis ei puuduta judot või konkreetset tehnikat millega parasjagu tegeletakse", "correct": false}}, {"model": "app.answeroption", "pk": 274, "fields": {"question": 76, "value": "istub tatami servas, olles näoga tatami keskosa suunas ja jälgib seal toimuvat tegevust", "correct": true}}, {"model": "app.answeroption", "pk": 275, "fields": {"question": 76, "value": "pikutab seal, kus on parasjagu vaba ruum", "correct": false}}, {"model": "app.answeroption", "pk": 276, "fields": {"question": 76, "value": "amab tatami servas, olles seljaga tatami keskosa suunas ning püüab uinuda", "correct": false}}, {"model": "app.answeroption", "pk": 277, "fields": {"question": 76, "value": "teeb mida tahab", "correct": false}}, {"model": "app.answeroption", "pk": 278, "fields": {"question": 77, "value": "ainult püsti või lamades", "correct": false}}, {"model": "app.answeroption", "pk": 279, "fields": {"question": 77, "value": "ainult lamades", "correct": false}}, {"model": "app.answeroption", "pk": 280, "fields": {"question": 77, "value": "istuda põlvitades (za‐zen) või nn rätsepa istes;", "correct": true}}, {"model": "app.answeroption", "pk": 281, "fields": {"question": 77, "value": "kasvatades tiritamme", "correct": false}}, {"model": "app.answeroption", "pk": 282, "fields": {"question": 78, "value": "muidugi on – keegi ei peaks häbenema oma nõrkust, laiskust või saamatust", "correct": false}}, {"model": "app.answeroption", "pk": 283, "fields": {"question": 78, "value": "sellised repliigid peaksid olema välistatud", "correct": true}}, {"model": "app.answeroption", "pk": 284, "fields": {"question": 78, "value": "oleneb olukorrast", "correct": false}}, {"model": "app.answeroption", "pk": 285, "fields": {"question": 78, "value": "ainult siis, kui on väga raske treening", "correct": false}}, {"model": "app.answeroption", "pk": 286, "fields": {"question": 79, "value": "kindlasti nippide õppimine", "correct": false}}, {"model": "app.answeroption", "pk": 287, "fields": {"question": 79, "value": "mõlemad on tähtsad", "correct": true}}, {"model": "app.answeroption", "pk": 288, "fields": {"question": 79, "value": "esmane on õppida näitama ülesse meelekindlust ja arendada endas võimet olla üle füüsilisest väsimusest", "correct": true}}, {"model": "app.answeroption", "pk": 289, "fields": {"question": 79, "value": "kumbki pole oluline – tähtis on, et oleks lõbus seltskond", "correct": false}}, {"model": "app.answeroption", "pk": 290, "fields": {"question": 80, "value": "jah, ta on kohustatud seda tegema nii treeningul kui ka väljaspool treeningtundi", "correct": false}}, {"model": "app.answeroption", "pk": 291, "fields": {"question": 80, "value": "ei pea – igaüks peab endaga ise hakkama saama", "correct": false}}, {"model": "app.answeroption", "pk": 292, "fields": {"question": 80, "value": "jah peab, aga ainult treeningul", "correct": true}}, {"model": "app.answeroption", "pk": 293, "fields": {"question": 80, "value": "igasugune abi ja nõuanded on keelatud", "correct": false}}, {"model": "app.answeroption", "pk": 294, "fields": {"question": 81, "value": "täiesti suvaline", "correct": false}}, {"model": "app.answeroption", "pk": 295, "fields": {"question": 81, "value": "pikkuse järjekorras", "correct": false}}, {"model": "app.answeroption", "pk": 296, "fields": {"question": 81, "value": "vanuse järjekorras", "correct": false}}, {"model": "app.answeroption", "pk": 297, "fields": {"question": 81, "value": "vööastmete järjekorras ja vööastmed pikkuse järjekorras", "correct": true}}, {"model": "app.answeroption", "pk": 298, "fields": {"question": 82, "value": "see, kes esimesena trenni jõudis", "correct": false}}, {"model": "app.answeroption", "pk": 299, "fields": {"question": 82, "value": "grupi vanem või tema puudumisel kõrgeimat vööd kandev vanim judoka?", "correct": true}}, {"model": "app.answeroption", "pk": 300, "fields": {"question": 82, "value": "kes ees, see mees", "correct": false}}, {"model": "app.answeroption", "pk": 301, "fields": {"question": 82, "value": "see, kes viimasena trenni jõudis", "correct": false}}, {"model": "app.answeroption", "pk": 302, "fields": {"question": 83, "value": "prantsatades mõlemale põlvele korraga ning hüpatakse samuti ka püsti", "correct": false}}, {"model": "app.answeroption", "pk": 303, "fields": {"question": 83, "value": "kuidas kellelegi meeldib", "correct": false}}, {"model": "app.answeroption", "pk": 304, "fields": {"question": 83, "value": "esmalt vasak ja siis parem põlv ning siis istutakse kandadele – püstitõus vastupidises järjekorras", "correct": true}}, {"model": "app.answeroption", "pk": 305, "fields": {"question": 83, "value": "esmalt parem ja siis vasak põlv ning siis istutakse kandadele – püstitõus samas järjekorras", "correct": false}}, {"model": "app.answeroption", "pk": 306, "fields": {"question": 84, "value": "1) kui grupp on treeningu alustamiseks küllaldaselt keskendunid, annab grupi vanem käskluse „Sensei‐ni‐rei!”millele järgneb kogu grupi sünkroonne kummardus, 2) peale vastastikust kummardust annab sensei käskluse „Mokuso!”, 3) mokuso lõppeb, kui sense tõuseb püsti;", "correct": false}}, {"model": "app.answeroption", "pk": 307, "fields": {"question": 84, "value": "1) kui grupp on rivistunud, annab sensei käskluse „Mokuso!”, 2) mokuso lõppedes sooritatakse sünkroonne rei ja 3) treening läheb lahti;", "correct": true}}, {"model": "app.answeroption", "pk": 308, "fields": {"question": 84, "value": "mingit järjekorda ei ole, tehakse kummardus ja treening algab;", "correct": false}}, {"model": "app.answeroption", "pk": 309, "fields": {"question": 84, "value": "1) grupivanem rivistab grupi ja annab käskluse „Joondu, valvel!”, 2) seejärel raporteerib senseile puudujatest ja grupi valmisolekust treeninguks, 3) sensei annab käskluse „Grupp vabalt!” ja 4) treening algab.", "correct": false}}, {"model": "app.answeroption", "pk": 310, "fields": {"question": 85, "value": "1) kui grupp on rivistunud, annab grupivanem käskluse „Sensei‐ni‐rei!”, 2) peale ühist kummardust annab sensei käskluse „Mokuso!”, 3) mokuso lõppedes on ka treening lõppenud", "correct": false}}, {"model": "app.answeroption", "pk": 311, "fields": {"question": 85, "value": "1) kui grupp on korralikult rivistunud ja oma riietuse korrastanud, annab sensei käskluse „Mokuso!”, 2) sensei annab grupivanemale kerge noogutusega märku mokuso lõppemisest, 3) grupivanem annab käskluse „Sensei‐ni‐rei!”, 4) peale sünkroonset reid kuulutab sense treeningu lõppenuks;", "correct": true}}, {"model": "app.answeroption", "pk": 312, "fields": {"question": 85, "value": "1) grupivanem rivistab grupi ja annab käskluse „Joondu, valvel!”, 2) seejärel raporteerib senseile, et kõik on elus ja terved või mitu sportlast sai treeningul vigastada või surma, 3) sensei annab käskluse „Grupp vabalt!” ning kuulutab treeningu lõppenuks", "correct": false}}, {"model": "app.answeroption", "pk": 313, "fields": {"question": 85, "value": "Mingit järjekorda ei ole, tehakse kummardus ja treening on lõppenud", "correct": false}}, {"model": "app.answeroption", "pk": 314, "fields": {"question": 86, "value": "„Sore‐made!”", "correct": false}}, {"model": "app.answeroption", "pk": 315, "fields": {"question": 86, "value": "„Kootai!”", "correct": false}}, {"model": "app.answeroption", "pk": 316, "fields": {"question": 86, "value": "„Owari!”", "correct": true}}, {"model": "app.answeroption", "pk": 317, "fields": {"question": 86, "value": "„Geiko onegaishimasu!”", "correct": false}}, {"model": "app.answeroption", "pk": 318, "fields": {"question": 87, "value": "„Hajime!”", "correct": false}}, {"model": "app.answeroption", "pk": 319, "fields": {"question": 87, "value": "„Geiko onegaishimasu!”", "correct": false}}, {"model": "app.answeroption", "pk": 320, "fields": {"question": 87, "value": "„Kootai!”", "correct": true}}, {"model": "app.answeroption", "pk": 321, "fields": {"question": 87, "value": "„Owari!”", "correct": false}}, {"model": "app.answeroption", "pk": 322, "fields": {"question": 88, "value": "„Õpetaja on jumal!”", "correct": false}}, {"model": "app.answeroption", "pk": 323, "fields": {"question": 88, "value": "„Austa õpetajat!”", "correct": false}}, {"model": "app.answeroption", "pk": 324, "fields": {"question": 88, "value": "ei tähenda midagi", "correct": false}}, {"model": "app.answeroption", "pk": 325, "fields": {"question": 88, "value": "„Kummardus õpetajale!”", "correct": true}}, {"model": "app.answeroption", "pk": 326, "fields": {"question": 89, "value": ". meelte tühjendamist (treeningu alguses treeningule ja treeningu lõpus igapäevasesse ellu häälestamist)", "correct": true}}, {"model": "app.answeroption", "pk": 327, "fields": {"question": 89, "value": "„Jumal aita!”", "correct": false}}, {"model": "app.answeroption", "pk": 328, "fields": {"question": 89, "value": "ei tähenda midag", "correct": false}}, {"model": "app.answeroption", "pk": 329, "fields": {"question": 89, "value": "„Ma suudan!”", "correct": false}}, {"model": "app.answeroption", "pk": 330, "fields": {"question": 90, "value": "2‐5 sekundit", "correct": false}}, {"model": "app.answeroption", "pk": 331, "fields": {"question": 90, "value": "5‐20 sekundit", "correct": true}}, {"model": "app.answeroption", "pk": 332, "fields": {"question": 90, "value": "20 sekundit kuni 5 minutit", "correct": false}}, {"model": "app.answeroption", "pk": 333, "fields": {"question": 90, "value": "5‐30 minutit", "correct": false}}, {"model": "app.answeroption", "pk": 334, "fields": {"question": 91, "value": "Andres Lutsar", "correct": false}}, {"model": "app.answeroption", "pk": 335, "fields": {"question": 91, "value": "Tõnu Lume", "correct": false}}, {"model": "app.answeroption", "pk": 336, "fields": {"question": 91, "value": "August Englas", "correct": false}}, {"model": "app.answeroption", "pk": 337, "fields": {"question": 91, "value": "Johannes Kotkas.", "correct": true}}, {"model": "app.answeroption", "pk": 338, "fields": {"question": 92, "value": "321", "correct": true}}, {"model": "app.answeroption", "pk": 339, "fields": {"question": 93, "value": "treeningsaali olemasolu;", "correct": false}}, {"model": "app.answeroption", "pk": 340, "fields": {"question": 93, "value": "õpilaste olemasolu;", "correct": false}}, {"model": "app.answeroption", "pk": 341, "fields": {"question": 93, "value": "treeningprotsesi planeerimine;", "correct": true}}, {"model": "app.answeroption", "pk": 342, "fields": {"question": 93, "value": "võistluskalender.", "correct": false}}, {"model": "app.answeroption", "pk": 343, "fields": {"question": 94, "value": "täna, homme ja ülehomme;", "correct": false}}, {"model": "app.answeroption", "pk": 344, "fields": {"question": 94, "value": "operatiivne, jooksev ja perspektiivne;", "correct": false}}, {"model": "app.answeroption", "pk": 345, "fields": {"question": 94, "value": ". üks treeningtund; treeningpäev ja nädal (mikrotsükkel);", "correct": true}}, {"model": "app.answeroption", "pk": 346, "fields": {"question": 94, "value": "olümpiatsükkel (4 aastat) ja kuni planeeritava sportliku karjääri lõpuni.", "correct": false}}, {"model": "app.answeroption", "pk": 347, "fields": {"question": 95, "value": "päeva‐ , nädala‐ ja kuutsükkel;", "correct": true}}, {"model": "app.answeroption", "pk": 348, "fields": {"question": 95, "value": "nädala‐; kuu‐ ja kvartalitsükkel;", "correct": false}}, {"model": "app.answeroption", "pk": 349, "fields": {"question": 95, "value": "mikro‐, meso‐ ja makrotsükkel;", "correct": false}}, {"model": "app.answeroption", "pk": 350, "fields": {"question": 95, "value": "väike‐, keskmine‐ ja suur tsükkel", "correct": false}}, {"model": "app.answeroption", "pk": 351, "fields": {"question": 96, "value": "kvartalite kaupa neljaks osaks;", "correct": false}}, {"model": "app.answeroption", "pk": 352, "fields": {"question": 96, "value": "esimene ja teine poolaasta;", "correct": false}}, {"model": "app.answeroption", "pk": 353, "fields": {"question": 96, "value": "kuude kaupa kaheteistkümneks perioodiks;", "correct": false}}, {"model": "app.answeroption", "pk": 354, "fields": {"question": 96, "value": "ettevalmistav‐, võistlus‐ ja üleminekuperiood.", "correct": true}}, {"model": "app.answeroption", "pk": 355, "fields": {"question": 97, "value": "ca 15%", "correct": true}}, {"model": "app.answeroption", "pk": 356, "fields": {"question": 97, "value": "ca 20%;", "correct": false}}, {"model": "app.answeroption", "pk": 357, "fields": {"question": 97, "value": "ca 30%;", "correct": false}}, {"model": "app.answeroption", "pk": 358, "fields": {"question": 97, "value": "ca 45%;", "correct": false}}, {"model": "app.answeroption", "pk": 359, "fields": {"question": 98, "value": "kahte;", "correct": false}}, {"model": "app.answeroption", "pk": 360, "fields": {"question": 98, "value": "kolme;", "correct": false}}, {"model": "app.answeroption", "pk": 361, "fields": {"question": 98, "value": "nelja;", "correct": false}}, {"model": "app.answeroption", "pk": 362, "fields": {"question": 98, "value": "kuude.", "correct": true}}, {"model": "app.answeroption", "pk": 363, "fields": {"question": 99, "value": "väike ja suur;", "correct": false}}, {"model": "app.answeroption", "pk": 364, "fields": {"question": 99, "value": "väike, keskmine ja suur;", "correct": false}}, {"model": "app.answeroption", "pk": 365, "fields": {"question": 99, "value": "väike, keskmine, suur ja maksimaalne;", "correct": false}}, {"model": "app.answeroption", "pk": 366, "fields": {"question": 99, "value": "väike, kesknine, suur, väga suur ja maksimaalne,", "correct": true}}, {"model": "app.answeroption", "pk": 367, "fields": {"question": 100, "value": "Nage‐waza, Katame‐waza ja Atemi‐waza;", "correct": true}}, {"model": "app.answeroption", "pk": 368, "fields": {"question": 100, "value": "Tachi‐waza, Sutemi‐waza ja Atemi‐waza;", "correct": false}}, {"model": "app.answeroption", "pk": 369, "fields": {"question": 100, "value": "Osaekomi‐waza, Shime‐waza ja Kansetsu‐waza;", "correct": false}}, {"model": "app.answeroption", "pk": 370, "fields": {"question": 100, "value": "Tokui‐waza, Karu‐waza ja Ukemi‐waza.", "correct": false}}, {"model": "app.answeroption", "pk": 371, "fields": {"question": 101, "value": "Sankaku‐jime;", "correct": false}}, {"model": "app.answeroption", "pk": 372, "fields": {"question": 101, "value": "Yubi‐saki ate;", "correct": false}}, {"model": "app.answeroption", "pk": 373, "fields": {"question": 101, "value": "Ko‐soto‐gari;", "correct": true}}, {"model": "app.answeroption", "pk": 374, "fields": {"question": 101, "value": "Ude‐gatame", "correct": false}}, {"model": "app.answeroption", "pk": 375, "fields": {"question": 102, "value": "Kesa‐gatame;", "correct": true}}, {"model": "app.answeroption", "pk": 376, "fields": {"question": 102, "value": "Mae‐keri;", "correct": false}}, {"model": "app.answeroption", "pk": 377, "fields": {"question": 102, "value": "Uchi‐mata;", "correct": false}}, {"model": "app.answeroption", "pk": 378, "fields": {"question": 102, "value": "Seoi‐otoshi.", "correct": false}}, {"model": "app.answeroption", "pk": 379, "fields": {"question": 103, "value": "Ashi‐waza;", "correct": false}}, {"model": "app.answeroption", "pk": 380, "fields": {"question": 103, "value": "Goshi‐waza;", "correct": false}}, {"model": "app.answeroption", "pk": 381, "fields": {"question": 103, "value": "Te‐waza;", "correct": true}}, {"model": "app.answeroption", "pk": 382, "fields": {"question": 103, "value": "Sutemi‐waza;", "correct": false}}, {"model": "app.answeroption", "pk": 383, "fields": {"question": 104, "value": "Ashi‐waza;", "correct": false}}, {"model": "app.answeroption", "pk": 384, "fields": {"question": 104, "value": "Goshi‐waza;", "correct": true}}, {"model": "app.answeroption", "pk": 385, "fields": {"question": 104, "value": "Te‐waza;", "correct": false}}, {"model": "app.answeroption", "pk": 386, "fields": {"question": 104, "value": "Atemi‐waza;", "correct": false}}, {"model": "app.answeroption", "pk": 387, "fields": {"question": 105, "value": "Ashi‐waza;", "correct": true}}, {"model": "app.answeroption", "pk": 388, "fields": {"question": 105, "value": "Goshi‐waza;", "correct": false}}, {"model": "app.answeroption", "pk": 389, "fields": {"question": 105, "value": "Te‐waza;", "correct": false}}, {"model": "app.answeroption", "pk": 390, "fields": {"question": 105, "value": "Ne‐waza", "correct": false}}, {"model": "app.answeroption", "pk": 391, "fields": {"question": 106, "value": "1) üldsoojendus 5‐10%, 2) spetsiaalsoojendus 5‐10%, 3) põhosa 70‐75%, 4) lõpetav osa 10%;", "correct": true}}, {"model": "app.answeroption", "pk": 392, "fields": {"question": 106, "value": "1) 10‐15%,  2) 10‐15%,  3) 65‐70%,  4) 5%;", "correct": true}}, {"model": "app.answeroption", "pk": 393, "fields": {"question": 106, "value": "1) 15‐20%,  2) 10‐15%,  3) 55‐60%,  4) 10%;", "correct": false}}, {"model": "app.answeroption", "pk": 394, "fields": {"question": 106, "value": "1) 15‐20%,  2) 15‐20%,  3) 50‐55%,  4) 10%.", "correct": false}}, {"model": "app.answeroption", "pk": 395, "fields": {"question": 107, "value": "käte‐, kõhu‐, selja‐ ja jalalihaste arendamine;", "correct": false}}, {"model": "app.answeroption", "pk": 396, "fields": {"question": 107, "value": "kiirus, jõud, paenduvus ja vastupidavus;", "correct": true}}, {"model": "app.answeroption", "pk": 397, "fields": {"question": 107, "value": "spetsiaalne ja üldfüüsiline ettevalmistus;", "correct": false}}, {"model": "app.answeroption", "pk": 398, "fields": {"question": 107, "value": "jooksmine, tõstmine ja mängud.", "correct": false}}, {"model": "app.answeroption", "pk": 399, "fields": {"question": 108, "value": "otsustusvõime, visadus, enesevalitsemine, julgus;", "correct": true}}, {"model": "app.answeroption", "pk": 400, "fields": {"question": 108, "value": "jõud, kiirus, vastupidavus, paenduvus, osavus;", "correct": false}}, {"model": "app.answeroption", "pk": 401, "fields": {"question": 108, "value": "tööarmastus, abivalmidus, tistsiplineeritus", "correct": false}}, {"model": "app.answeroption", "pk": 402, "fields": {"question": 108, "value": "initsiatiivsus, ausus, õilsameelsus.", "correct": false}}, {"model": "app.answeroption", "pk": 403, "fields": {"question": 109, "value": "eriti keerulist liikumisvilumust nõudvate harjutuste omandamine erinevatelt spordialadelt;", "correct": true}}, {"model": "app.answeroption", "pk": 404, "fields": {"question": 109, "value": "3x10m joonejooks; tirelid ette ja taha, mitmesugused spordimängud;", "correct": false}}, {"model": "app.answeroption", "pk": 405, "fields": {"question": 109, "value": "maadlemine tunduvalt tugevama ja stiililt ebamugava vastasega, loobuda joomisest kohe peale treeningut, loobuda mõneks päevaks kõigest magusast jne.", "correct": false}}, {"model": "app.answeroption", "pk": 406, "fields": {"question": 109, "value": "rippes kätekõverdused, toenglamangus kätekõverdused ja jalgade tõstmine varbseibal.", "correct": false}}, {"model": "app.answeroption", "pk": 407, "fields": {"question": 110, "value": "kiirus;", "correct": true}}, {"model": "app.answeroption", "pk": 408, "fields": {"question": 110, "value": "julgus;", "correct": true}}, {"model": "app.answeroption", "pk": 409, "fields": {"question": 110, "value": "osavus;", "correct": true}}, {"model": "app.answeroption", "pk": 410, "fields": {"question": 110, "value": "heasoovlikkus.", "correct": true}}, {"model": "app.answeroption", "pk": 411, "fields": {"question": 111, "value": "ausus;", "correct": false}}, {"model": "app.answeroption", "pk": 412, "fields": {"question": 111, "value": "tööarmastus", "correct": false}}, {"model": "app.answeroption", "pk": 413, "fields": {"question": 111, "value": "distsiplineeritus", "correct": true}}, {"model": "app.answeroption", "pk": 414, "fields": {"question": 111, "value": "initsiatiivsus", "correct": false}}, {"model": "app.answeroption", "pk": 415, "fields": {"question": 112, "value": "individuaalsed", "correct": false}}, {"model": "app.answeroption", "pk": 416, "fields": {"question": 112, "value": "individuaal‐võistkondlikud", "correct": false}}, {"model": "app.answeroption", "pk": 417, "fields": {"question": 112, "value": "võistkondlikud", "correct": false}}, {"model": "app.answeroption", "pk": 418, "fields": {"question": 112, "value": "üldse ei ole soovitav võistelda", "correct": true}}, {"model": "app.answeroption", "pk": 419, "fields": {"question": 113, "value": "1‐2", "correct": true}}, {"model": "app.answeroption", "pk": 420, "fields": {"question": 113, "value": "3‐5", "correct": false}}, {"model": "app.answeroption", "pk": 421, "fields": {"question": 113, "value": "5‐8;", "correct": false}}, {"model": "app.answeroption", "pk": 422, "fields": {"question": 113, "value": "üldse ei ole soovitatav võistelda", "correct": false}}, {"model": "app.answeroption", "pk": 423, "fields": {"question": 114, "value": "nimetas vale tehnika ja sooritas suurte vigadega", "correct": false}}, {"model": "app.answeroption", "pk": 424, "fields": {"question": 114, "value": "nimetas õige tehnika, kuid sooritas väikeste vigadega (Waza‐ari, Yuko)", "correct": false}}, {"model": "app.answeroption", "pk": 425, "fields": {"question": 114, "value": "nimetas õige tehnika ja sooritas vigadeta (Ippon)", "correct": true}}, {"model": "app.answeroption", "pk": 426, "fields": {"question": 114, "value": "tehnika nimetas sensei ja õpilane sooritas vigadeta (Ippon)", "correct": false}}, {"model": "app.answeroption", "pk": 427, "fields": {"question": 115, "value": "50 / 50%", "correct": false}}, {"model": "app.answeroption", "pk": 428, "fields": {"question": 115, "value": "60 / 40%", "correct": false}}, {"model": "app.answeroption", "pk": 429, "fields": {"question": 115, "value": "70 / 30%", "correct": false}}, {"model": "app.answeroption", "pk": 430, "fields": {"question": 115, "value": "75 / 20%", "correct": true}}, {"model": "app.answeroption", "pk": 431, "fields": {"question": 116, "value": "50 / 50%", "correct": true}}, {"model": "app.answeroption", "pk": 432, "fields": {"question": 116, "value": "58 / 42%", "correct": false}}, {"model": "app.answeroption", "pk": 433, "fields": {"question": 116, "value": "68 / 32%", "correct": false}}, {"model": "app.answeroption", "pk": 434, "fields": {"question": 116, "value": "75 / 20%", "correct": false}}, {"model": "app.answeroption", "pk": 435, "fields": {"question": 117, "value": "1,5 korda", "correct": false}}, {"model": "app.answeroption", "pk": 436, "fields": {"question": 117, "value": "2 korda", "correct": true}}, {"model": "app.answeroption", "pk": 437, "fields": {"question": 117, "value": "2,5 korda", "correct": false}}, {"model": "app.answeroption", "pk": 438, "fields": {"question": 117, "value": "3 korda", "correct": false}}, {"model": "app.answeroption", "pk": 439, "fields": {"question": 118, "value": "2 korda", "correct": false}}, {"model": "app.answeroption", "pk": 440, "fields": {"question": 118, "value": "3 korda", "correct": true}}, {"model": "app.answeroption", "pk": 441, "fields": {"question": 118, "value": "4 korda", "correct": false}}, {"model": "app.answeroption", "pk": 442, "fields": {"question": 118, "value": " korda;", "correct": false}}]