[{"model": "admin.logentry", "pk": 1, "fields": {"action_time": "2020-10-22T10:44:21.742Z", "user": 1, "content_type": 10, "object_id": "33", "object_repr": "DAN EKSAM - Millal asutati Eesti Judoliit?", "action_flag": 3, "change_message": ""}}, {"model": "auth.permission", "pk": 1, "fields": {"name": "Can add log entry", "content_type": 1, "codename": "add_logentry"}}, {"model": "auth.permission", "pk": 2, "fields": {"name": "Can change log entry", "content_type": 1, "codename": "change_logentry"}}, {"model": "auth.permission", "pk": 3, "fields": {"name": "Can delete log entry", "content_type": 1, "codename": "delete_logentry"}}, {"model": "auth.permission", "pk": 4, "fields": {"name": "Can view log entry", "content_type": 1, "codename": "view_logentry"}}, {"model": "auth.permission", "pk": 5, "fields": {"name": "Can add permission", "content_type": 2, "codename": "add_permission"}}, {"model": "auth.permission", "pk": 6, "fields": {"name": "Can change permission", "content_type": 2, "codename": "change_permission"}}, {"model": "auth.permission", "pk": 7, "fields": {"name": "Can delete permission", "content_type": 2, "codename": "delete_permission"}}, {"model": "auth.permission", "pk": 8, "fields": {"name": "Can view permission", "content_type": 2, "codename": "view_permission"}}, {"model": "auth.permission", "pk": 9, "fields": {"name": "Can add group", "content_type": 3, "codename": "add_group"}}, {"model": "auth.permission", "pk": 10, "fields": {"name": "Can change group", "content_type": 3, "codename": "change_group"}}, {"model": "auth.permission", "pk": 11, "fields": {"name": "Can delete group", "content_type": 3, "codename": "delete_group"}}, {"model": "auth.permission", "pk": 12, "fields": {"name": "Can view group", "content_type": 3, "codename": "view_group"}}, {"model": "auth.permission", "pk": 13, "fields": {"name": "Can add user", "content_type": 4, "codename": "add_user"}}, {"model": "auth.permission", "pk": 14, "fields": {"name": "Can change user", "content_type": 4, "codename": "change_user"}}, {"model": "auth.permission", "pk": 15, "fields": {"name": "Can delete user", "content_type": 4, "codename": "delete_user"}}, {"model": "auth.permission", "pk": 16, "fields": {"name": "Can view user", "content_type": 4, "codename": "view_user"}}, {"model": "auth.permission", "pk": 17, "fields": {"name": "Can add content type", "content_type": 5, "codename": "add_contenttype"}}, {"model": "auth.permission", "pk": 18, "fields": {"name": "Can change content type", "content_type": 5, "codename": "change_contenttype"}}, {"model": "auth.permission", "pk": 19, "fields": {"name": "Can delete content type", "content_type": 5, "codename": "delete_contenttype"}}, {"model": "auth.permission", "pk": 20, "fields": {"name": "Can view content type", "content_type": 5, "codename": "view_contenttype"}}, {"model": "auth.permission", "pk": 21, "fields": {"name": "Can add session", "content_type": 6, "codename": "add_session"}}, {"model": "auth.permission", "pk": 22, "fields": {"name": "Can change session", "content_type": 6, "codename": "change_session"}}, {"model": "auth.permission", "pk": 23, "fields": {"name": "Can delete session", "content_type": 6, "codename": "delete_session"}}, {"model": "auth.permission", "pk": 24, "fields": {"name": "Can view session", "content_type": 6, "codename": "view_session"}}, {"model": "auth.permission", "pk": 25, "fields": {"name": "Can add AnswerOption", "content_type": 7, "codename": "add_answeroption"}}, {"model": "auth.permission", "pk": 26, "fields": {"name": "Can change AnswerOption", "content_type": 7, "codename": "change_answeroption"}}, {"model": "auth.permission", "pk": 27, "fields": {"name": "Can delete AnswerOption", "content_type": 7, "codename": "delete_answeroption"}}, {"model": "auth.permission", "pk": 28, "fields": {"name": "Can view AnswerOption", "content_type": 7, "codename": "view_answeroption"}}, {"model": "auth.permission", "pk": 29, "fields": {"name": "Can add QuestionAnswered", "content_type": 8, "codename": "add_questionanswered"}}, {"model": "auth.permission", "pk": 30, "fields": {"name": "Can change QuestionAnswered", "content_type": 8, "codename": "change_questionanswered"}}, {"model": "auth.permission", "pk": 31, "fields": {"name": "Can delete QuestionAnswered", "content_type": 8, "codename": "delete_questionanswered"}}, {"model": "auth.permission", "pk": 32, "fields": {"name": "Can view QuestionAnswered", "content_type": 8, "codename": "view_questionanswered"}}, {"model": "auth.permission", "pk": 33, "fields": {"name": "Can add Quiz", "content_type": 9, "codename": "add_quiz"}}, {"model": "auth.permission", "pk": 34, "fields": {"name": "Can change Quiz", "content_type": 9, "codename": "change_quiz"}}, {"model": "auth.permission", "pk": 35, "fields": {"name": "Can delete Quiz", "content_type": 9, "codename": "delete_quiz"}}, {"model": "auth.permission", "pk": 36, "fields": {"name": "Can view Quiz", "content_type": 9, "codename": "view_quiz"}}, {"model": "auth.permission", "pk": 37, "fields": {"name": "Can add Question", "content_type": 10, "codename": "add_question"}}, {"model": "auth.permission", "pk": 38, "fields": {"name": "Can change Question", "content_type": 10, "codename": "change_question"}}, {"model": "auth.permission", "pk": 39, "fields": {"name": "Can delete Question", "content_type": 10, "codename": "delete_question"}}, {"model": "auth.permission", "pk": 40, "fields": {"name": "Can view Question", "content_type": 10, "codename": "view_question"}}, {"model": "auth.user", "pk": 1, "fields": {"password": "pbkdf2_sha256$216000$OTkqRO7x3TyF$ze/yAzq+dFnJZZK2+cS6hv/JryP0fZBtHVxCTJIAGqI=", "last_login": "2020-10-22T10:43:50.883Z", "is_superuser": true, "username": "oliverilm", "first_name": "", "last_name": "", "email": "oliverilmjarv@gmail.com", "is_staff": true, "is_active": true, "date_joined": "2020-10-22T08:45:12.959Z", "groups": [], "user_permissions": []}}, {"model": "contenttypes.contenttype", "pk": 1, "fields": {"app_label": "admin", "model": "logentry"}}, {"model": "contenttypes.contenttype", "pk": 2, "fields": {"app_label": "auth", "model": "permission"}}, {"model": "contenttypes.contenttype", "pk": 3, "fields": {"app_label": "auth", "model": "group"}}, {"model": "contenttypes.contenttype", "pk": 4, "fields": {"app_label": "auth", "model": "user"}}, {"model": "contenttypes.contenttype", "pk": 5, "fields": {"app_label": "contenttypes", "model": "contenttype"}}, {"model": "contenttypes.contenttype", "pk": 6, "fields": {"app_label": "sessions", "model": "session"}}, {"model": "contenttypes.contenttype", "pk": 7, "fields": {"app_label": "app", "model": "answeroption"}}, {"model": "contenttypes.contenttype", "pk": 8, "fields": {"app_label": "app", "model": "questionanswered"}}, {"model": "contenttypes.contenttype", "pk": 9, "fields": {"app_label": "app", "model": "quiz"}}, {"model": "contenttypes.contenttype", "pk": 10, "fields": {"app_label": "app", "model": "question"}}, {"model": "sessions.session", "pk": "12l1rm2piutndmz433v46xv1ahf7we6p", "fields": {"session_data": ".eJxVjMsOwiAUBf-FtSGACOjSvd_QXO5DqgaS0q6M_26bdKHbMzPnrQZY5jIsnadhJHVRVh1-twz45LoBekC9N42tztOY9abonXZ9a8Sv6-7-HRToZa2DQ-NEYkzeeshRxJI1FI7REgAY5ASIjKuD1siJDAFDgCzGJzw79fkCBj85YQ:1kVY4U:ddeMwjxKkDXrxjFhurDu_HHpNV5SUmE6r7xdfIoxVQQ", "expire_date": "2020-11-05T10:43:50.891Z"}}, {"model": "sessions.session", "pk": "ml48pkgbijviwxil88rvenij6goex4pz", "fields": {"session_data": ".eJxVjMsOwiAUBf-FtSGACOjSvd_QXO5DqgaS0q6M_26bdKHbMzPnrQZY5jIsnadhJHVRVh1-twz45LoBekC9N42tztOY9abonXZ9a8Sv6-7-HRToZa2DQ-NEYkzeeshRxJI1FI7REgAY5ASIjKuD1siJDAFDgCzGJzw79fkCBj85YQ:1kVWFU:O50606PwyWEtn5qxqdDO-XGXj3tdQEoyqS5rTqPBC-c", "expire_date": "2020-11-05T08:47:04.816Z"}}, {"model": "app.quiz", "pk": 1, "fields": {"name": "test quiz", "show": false}}, {"model": "app.quiz", "pk": 2, "fields": {"name": "omg a new quiz", "show": false}}, {"model": "app.quiz", "pk": 3, "fields": {"name": "tesa", "show": false}}, {"model": "app.quiz", "pk": 4, "fields": {"name": "kala", "show": false}}, {"model": "app.quiz", "pk": 5, "fields": {"name": "asd", "show": false}}, {"model": "app.quiz", "pk": 6, "fields": {"name": "asdasd", "show": false}}, {"model": "app.quiz", "pk": 7, "fields": {"name": "asdd", "show": false}}, {"model": "app.quiz", "pk": 8, "fields": {"name": "asddd", "show": false}}, {"model": "app.quiz", "pk": 9, "fields": {"name": "asdasd", "show": false}}, {"model": "app.quiz", "pk": 10, "fields": {"name": "23123", "show": false}}, {"model": "app.quiz", "pk": 11, "fields": {"name": "3212", "show": false}}, {"model": "app.quiz", "pk": 12, "fields": {"name": "asdasd", "show": false}}, {"model": "app.quiz", "pk": 13, "fields": {"name": "asdd", "show": false}}, {"model": "app.quiz", "pk": 14, "fields": {"name": "Testing quiz", "show": false}}, {"model": "app.quiz", "pk": 15, "fields": {"name": "asdd", "show": false}}, {"model": "app.quiz", "pk": 16, "fields": {"name": "teas", "show": false}}, {"model": "app.quiz", "pk": 17, "fields": {"name": "123123", "show": false}}, {"model": "app.quiz", "pk": 18, "fields": {"name": "123123", "show": false}}, {"model": "app.quiz", "pk": 19, "fields": {"name": "final testing quiz", "show": false}}, {"model": "app.quiz", "pk": 20, "fields": {"name": "teas", "show": false}}, {"model": "app.quiz", "pk": 21, "fields": {"name": "123123", "show": false}}, {"model": "app.quiz", "pk": 22, "fields": {"name": "Testing quiz", "show": false}}, {"model": "app.quiz", "pk": 23, "fields": {"name": "tester", "show": false}}, {"model": "app.quiz", "pk": 24, "fields": {"name": "test quiz", "show": false}}, {"model": "app.quiz", "pk": 25, "fields": {"name": "omg :D", "show": false}}, {"model": "app.quiz", "pk": 26, "fields": {"name": "DAN EKSAM", "show": true}}, {"model": "app.quiz", "pk": 27, "fields": {"name": "test", "show": false}}, {"model": "app.quiz", "pk": 28, "fields": {"name": "DAN EKSAM 2", "show": false}}, {"model": "app.question", "pk": 1, "fields": {"quiz": 21, "question_value": "123123"}}, {"model": "app.question", "pk": 2, "fields": {"quiz": 21, "question_value": "123123"}}, {"model": "app.question", "pk": 3, "fields": {"quiz": 21, "question_value": "123123"}}, {"model": "app.question", "pk": 4, "fields": {"quiz": 22, "question_value": "first question"}}, {"model": "app.question", "pk": 5, "fields": {"quiz": 22, "question_value": "first question"}}, {"model": "app.question", "pk": 6, "fields": {"quiz": 22, "question_value": "first question"}}, {"model": "app.question", "pk": 7, "fields": {"quiz": 23, "question_value": "omg"}}, {"model": "app.question", "pk": 8, "fields": {"quiz": 25, "question_value": "kala"}}, {"model": "app.question", "pk": 9, "fields": {"quiz": 25, "question_value": "asdasd"}}, {"model": "app.question", "pk": 10, "fields": {"quiz": 25, "question_value": ""}}, {"model": "app.question", "pk": 11, "fields": {"quiz": 26, "question_value": "Millisest võitluskunstist on välja arenenud kaasaegne spordiala judo?"}}, {"model": "app.question", "pk": 12, "fields": {"quiz": 26, "question_value": "Millist aastat loetakse judo sünniaastaks?"}}, {"model": "app.question", "pk": 13, "fields": {"quiz": 26, "question_value": "Keda peetakse judo loojaks?"}}, {"model": "app.question", "pk": 14, "fields": {"quiz": 26, "question_value": "Maailma esimene judokool?"}}, {"model": "app.question", "pk": 15, "fields": {"quiz": 26, "question_value": "Mitme õpilasega alustas esimene judokool?"}}, {"model": "app.question", "pk": 16, "fields": {"quiz": 26, "question_value": "Millistes ruumides toimusid esimesed judotreeningud?"}}, {"model": "app.question", "pk": 17, "fields": {"quiz": 26, "question_value": "Mitmel tatamil toimusid esimesed judotreeningud?"}}, {"model": "app.question", "pk": 18, "fields": {"quiz": 26, "question_value": "Kes oli judo loojale välismaiseks nõuandjaks?"}}, {"model": "app.question", "pk": 19, "fields": {"quiz": 26, "question_value": "Mis aastal toimus nn otsustav võitlus, mis oli esimeseks sammuks järgnenud judo kiire progressi teel"}}, {"model": "app.question", "pk": 20, "fields": {"quiz": 26, "question_value": "Millal on judo looja sünnipäev?"}}, {"model": "app.question", "pk": 21, "fields": {"quiz": 26, "question_value": "Judo looja pikkus ja kaal?"}}, {"model": "app.question", "pk": 22, "fields": {"quiz": 26, "question_value": "Millal ja millises linnas toimus esimene judo demonstratsioonesinemine Euroopas?"}}, {"model": "app.question", "pk": 23, "fields": {"quiz": 26, "question_value": "Mis aastal judo looja suri?"}}, {"model": "app.question", "pk": 24, "fields": {"quiz": 26, "question_value": "Mis aastal määrati judo looja Jaapani kultuuri‐ ja haridusministriks?"}}, {"model": "app.question", "pk": 25, "fields": {"quiz": 26, "question_value": "Millal toimusid esimesed Jaapani meistrivõistlused judos (meestele)?"}}, {"model": "app.question", "pk": 26, "fields": {"quiz": 26, "question_value": "Millal loodi esimesed Kodokani filiaalid Euroopas?"}}, {"model": "app.question", "pk": 27, "fields": {"quiz": 26, "question_value": "Millal ja kus asutati Euroopa Judoliit (EJU)?"}}, {"model": "app.question", "pk": 28, "fields": {"quiz": 26, "question_value": "Millal ja kus asutati Rahvusvaheline Judoföderatsioon (IJF)?"}}, {"model": "app.question", "pk": 29, "fields": {"quiz": 26, "question_value": "Millal toimus esimene judo EM?"}}, {"model": "app.question", "pk": 30, "fields": {"quiz": 26, "question_value": "Kus toimus esimene judo EM?"}}, {"model": "app.question", "pk": 31, "fields": {"quiz": 26, "question_value": "Millal toimus esimene judo MM?"}}, {"model": "app.question", "pk": 32, "fields": {"quiz": 26, "question_value": "Kus toimus esimene judo MM?"}}, {"model": "app.question", "pk": 34, "fields": {"quiz": 26, "question_value": "Millal asutati Eesti Judoliit?"}}, {"model": "app.question", "pk": 35, "fields": {"quiz": 26, "question_value": "Millal toimusid esimesed Eesti meistrivõistlused judos?"}}, {"model": "app.question", "pk": 36, "fields": {"quiz": 26, "question_value": "Kus toimusid esimesed Eesti meistrivõistlused judos?"}}, {"model": "app.question", "pk": 37, "fields": {"quiz": 26, "question_value": "Millal toimus esimene judo MM naistele?"}}, {"model": "app.question", "pk": 38, "fields": {"quiz": 26, "question_value": "Kus toimus esimene judo MM naistele?"}}, {"model": "app.question", "pk": 39, "fields": {"quiz": 26, "question_value": "Millal maadlesid mehed esmakordselt OM‐il?"}}, {"model": "app.question", "pk": 40, "fields": {"quiz": 26, "question_value": "Millal maadlesid naised esmakordselt OM‐il?"}}, {"model": "app.question", "pk": 41, "fields": {"quiz": 26, "question_value": "Mis aastal maadlesid esmakordselt nii EM‐il kui MM‐il mehed ja naised koos?"}}, {"model": "app.question", "pk": 42, "fields": {"quiz": 26, "question_value": "Mitmes kategoorias võisteldi esimesel MM‐il?"}}, {"model": "app.question", "pk": 43, "fields": {"quiz": 26, "question_value": "Mitmes kategoorias võisteldi esimesel OM‐i judoturniiril?"}}, {"model": "app.question", "pk": 44, "fields": {"quiz": 26, "question_value": "Kes oli esimene judo maailmameister?"}}, {"model": "app.question", "pk": 45, "fields": {"quiz": 26, "question_value": "Kes oli esimene eurooplasest maailmameister ja olümpiavõitja judos?"}}, {"model": "app.question", "pk": 46, "fields": {"quiz": 26, "question_value": "Kes on tulnud kõige rohkem kordi Eesti meistriks?"}}, {"model": "app.question", "pk": 47, "fields": {"quiz": 26, "question_value": "Mitu riiki osales esimesel judo MM‐il?"}}, {"model": "app.question", "pk": 48, "fields": {"quiz": 26, "question_value": "Millal võeti kasutusele Koka, kui madalaim hinne sooritatud tehnika eest?"}}, {"model": "app.question", "pk": 49, "fields": {"quiz": 26, "question_value": "Millal võeti esmakordselt kasutusele seitse kaalukategooriat?"}}, {"model": "app.question", "pk": 50, "fields": {"quiz": 26, "question_value": "Millal võeti kasutusele praegu kehtivad kaalukategooriad?"}}, {"model": "app.question", "pk": 51, "fields": {"quiz": 28, "question_value": "123123"}}, {"model": "app.answeroption", "pk": 1, "fields": {"question": 3, "value": "123123", "correct": false}}, {"model": "app.answeroption", "pk": 2, "fields": {"question": 3, "value": "123123", "correct": false}}, {"model": "app.answeroption", "pk": 3, "fields": {"question": 3, "value": "123123", "correct": true}}, {"model": "app.answeroption", "pk": 4, "fields": {"question": 6, "value": "my god, amazing", "correct": true}}, {"model": "app.answeroption", "pk": 5, "fields": {"question": 6, "value": "not amazing", "correct": false}}, {"model": "app.answeroption", "pk": 6, "fields": {"question": 6, "value": "maybe", "correct": false}}, {"model": "app.answeroption", "pk": 7, "fields": {"question": 7, "value": "111", "correct": true}}, {"model": "app.answeroption", "pk": 8, "fields": {"question": 7, "value": "222", "correct": false}}, {"model": "app.answeroption", "pk": 9, "fields": {"question": 7, "value": "333", "correct": false}}, {"model": "app.answeroption", "pk": 10, "fields": {"question": 8, "value": "1", "correct": false}}, {"model": "app.answeroption", "pk": 11, "fields": {"question": 8, "value": "2", "correct": true}}, {"model": "app.answeroption", "pk": 12, "fields": {"question": 8, "value": "3", "correct": false}}, {"model": "app.answeroption", "pk": 13, "fields": {"question": 9, "value": "13", "correct": false}}, {"model": "app.answeroption", "pk": 14, "fields": {"question": 9, "value": "22", "correct": false}}, {"model": "app.answeroption", "pk": 15, "fields": {"question": 9, "value": "33", "correct": false}}, {"model": "app.answeroption", "pk": 16, "fields": {"question": 10, "value": "123333", "correct": false}}, {"model": "app.answeroption", "pk": 17, "fields": {"question": 10, "value": "1233", "correct": false}}, {"model": "app.answeroption", "pk": 18, "fields": {"question": 11, "value": "Ju‐kendo", "correct": false}}, {"model": "app.answeroption", "pk": 19, "fields": {"question": 11, "value": "Kumiuchi", "correct": false}}, {"model": "app.answeroption", "pk": 20, "fields": {"question": 11, "value": "Ju‐jitsu", "correct": true}}, {"model": "app.answeroption", "pk": 21, "fields": {"question": 11, "value": "Aikido", "correct": false}}, {"model": "app.answeroption", "pk": 22, "fields": {"question": 12, "value": "1860", "correct": false}}, {"model": "app.answeroption", "pk": 23, "fields": {"question": 12, "value": "1882", "correct": true}}, {"model": "app.answeroption", "pk": 24, "fields": {"question": 12, "value": "1886", "correct": false}}, {"model": "app.answeroption", "pk": 25, "fields": {"question": 12, "value": "1901", "correct": false}}, {"model": "app.answeroption", "pk": 26, "fields": {"question": 13, "value": "Morihei Ueshiba", "correct": false}}, {"model": "app.answeroption", "pk": 27, "fields": {"question": 13, "value": "Kichin Funakoshi", "correct": false}}, {"model": "app.answeroption", "pk": 28, "fields": {"question": 13, "value": "Jigoro Kano", "correct": true}}, {"model": "app.answeroption", "pk": 29, "fields": {"question": 13, "value": "Juichi Kano", "correct": false}}, {"model": "app.answeroption", "pk": 30, "fields": {"question": 14, "value": "Tokai‐ryu", "correct": false}}, {"model": "app.answeroption", "pk": 31, "fields": {"question": 14, "value": "Kodokan", "correct": true}}, {"model": "app.answeroption", "pk": 32, "fields": {"question": 14, "value": "Takenouchi‐ryu", "correct": false}}, {"model": "app.answeroption", "pk": 33, "fields": {"question": 14, "value": "Nichidai", "correct": false}}, {"model": "app.answeroption", "pk": 34, "fields": {"question": 15, "value": "9", "correct": true}}, {"model": "app.answeroption", "pk": 35, "fields": {"question": 15, "value": "24", "correct": false}}, {"model": "app.answeroption", "pk": 36, "fields": {"question": 15, "value": "12", "correct": false}}, {"model": "app.answeroption", "pk": 37, "fields": {"question": 15, "value": "62", "correct": false}}, {"model": "app.answeroption", "pk": 38, "fields": {"question": 16, "value": "Kamakura templis", "correct": false}}, {"model": "app.answeroption", "pk": 39, "fields": {"question": 16, "value": "Eisho‐ji templis", "correct": true}}, {"model": "app.answeroption", "pk": 40, "fields": {"question": 16, "value": "Yamanashi templis", "correct": false}}, {"model": "app.answeroption", "pk": 41, "fields": {"question": 16, "value": "Tokio keiserlikus ülikoolis", "correct": false}}, {"model": "app.answeroption", "pk": 42, "fields": {"question": 17, "value": "24", "correct": false}}, {"model": "app.answeroption", "pk": 43, "fields": {"question": 17, "value": "12", "correct": true}}, {"model": "app.answeroption", "pk": 44, "fields": {"question": 17, "value": "48", "correct": false}}, {"model": "app.answeroption", "pk": 45, "fields": {"question": 17, "value": "96", "correct": false}}, {"model": "app.answeroption", "pk": 46, "fields": {"question": 18, "value": "Vassili Oštšepkov", "correct": false}}, {"model": "app.answeroption", "pk": 47, "fields": {"question": 18, "value": "Anton Geesink", "correct": true}}, {"model": "app.answeroption", "pk": 48, "fields": {"question": 18, "value": "Andres Lutsar", "correct": false}}, {"model": "app.answeroption", "pk": 49, "fields": {"question": 18, "value": "Erwin Baltz", "correct": false}}, {"model": "app.answeroption", "pk": 50, "fields": {"question": 19, "value": "1886", "correct": true}}, {"model": "app.answeroption", "pk": 51, "fields": {"question": 19, "value": "1882", "correct": false}}, {"model": "app.answeroption", "pk": 52, "fields": {"question": 19, "value": "1892", "correct": false}}, {"model": "app.answeroption", "pk": 53, "fields": {"question": 19, "value": "1901", "correct": false}}, {"model": "app.answeroption", "pk": 54, "fields": {"question": 20, "value": "04.04 1864", "correct": false}}, {"model": "app.answeroption", "pk": 55, "fields": {"question": 20, "value": "28.10.1860", "correct": true}}, {"model": "app.answeroption", "pk": 56, "fields": {"question": 20, "value": "22.04.1870", "correct": false}}, {"model": "app.answeroption", "pk": 57, "fields": {"question": 20, "value": "09.03.1937", "correct": false}}, {"model": "app.answeroption", "pk": 58, "fields": {"question": 21, "value": "1970cm/72kg", "correct": false}}, {"model": "app.answeroption", "pk": 59, "fields": {"question": 21, "value": "168kg/83kg", "correct": false}}, {"model": "app.answeroption", "pk": 60, "fields": {"question": 21, "value": "150cm/48kg", "correct": true}}, {"model": "app.answeroption", "pk": 61, "fields": {"question": 21, "value": "185cm/88kg", "correct": false}}, {"model": "app.answeroption", "pk": 62, "fields": {"question": 22, "value": "1889 Hamburg", "correct": false}}, {"model": "app.answeroption", "pk": 63, "fields": {"question": 22, "value": "1891 Pariis", "correct": false}}, {"model": "app.answeroption", "pk": 64, "fields": {"question": 22, "value": "1890 London", "correct": true}}, {"model": "app.answeroption", "pk": 65, "fields": {"question": 22, "value": "1892 Rotterdam", "correct": false}}, {"model": "app.answeroption", "pk": 66, "fields": {"question": 23, "value": "1928", "correct": false}}, {"model": "app.answeroption", "pk": 67, "fields": {"question": 23, "value": "1930", "correct": false}}, {"model": "app.answeroption", "pk": 68, "fields": {"question": 23, "value": "1935", "correct": false}}, {"model": "app.answeroption", "pk": 69, "fields": {"question": 23, "value": "1938", "correct": true}}, {"model": "app.answeroption", "pk": 70, "fields": {"question": 24, "value": "1912", "correct": false}}, {"model": "app.answeroption", "pk": 71, "fields": {"question": 24, "value": "1920", "correct": false}}, {"model": "app.answeroption", "pk": 72, "fields": {"question": 24, "value": "1922", "correct": false}}, {"model": "app.answeroption", "pk": 73, "fields": {"question": 24, "value": "1932", "correct": true}}, {"model": "app.answeroption", "pk": 74, "fields": {"question": 25, "value": "1895", "correct": false}}, {"model": "app.answeroption", "pk": 75, "fields": {"question": 25, "value": "1905", "correct": false}}, {"model": "app.answeroption", "pk": 76, "fields": {"question": 25, "value": "1925", "correct": true}}, {"model": "app.answeroption", "pk": 77, "fields": {"question": 25, "value": "1920", "correct": false}}, {"model": "app.answeroption", "pk": 78, "fields": {"question": 26, "value": "1925", "correct": false}}, {"model": "app.answeroption", "pk": 79, "fields": {"question": 26, "value": "1932", "correct": false}}, {"model": "app.answeroption", "pk": 80, "fields": {"question": 26, "value": "1938", "correct": true}}, {"model": "app.answeroption", "pk": 81, "fields": {"question": 26, "value": "1940", "correct": false}}, {"model": "app.answeroption", "pk": 82, "fields": {"question": 27, "value": "1939 Berliin", "correct": false}}, {"model": "app.answeroption", "pk": 83, "fields": {"question": 27, "value": "1948 Pariis", "correct": true}}, {"model": "app.answeroption", "pk": 84, "fields": {"question": 27, "value": "1952 London", "correct": false}}, {"model": "app.answeroption", "pk": 85, "fields": {"question": 27, "value": "1956 Viin", "correct": false}}, {"model": "app.answeroption", "pk": 86, "fields": {"question": 28, "value": "1938 Berliin", "correct": false}}, {"model": "app.answeroption", "pk": 87, "fields": {"question": 28, "value": "1948 Pariis", "correct": false}}, {"model": "app.answeroption", "pk": 88, "fields": {"question": 28, "value": "1952 Tokyo", "correct": true}}, {"model": "app.answeroption", "pk": 89, "fields": {"question": 28, "value": "1956 Los Angeles", "correct": false}}, {"model": "app.answeroption", "pk": 90, "fields": {"question": 29, "value": "1948", "correct": false}}, {"model": "app.answeroption", "pk": 91, "fields": {"question": 29, "value": "1950", "correct": false}}, {"model": "app.answeroption", "pk": 92, "fields": {"question": 29, "value": "1951", "correct": true}}, {"model": "app.answeroption", "pk": 93, "fields": {"question": 29, "value": "1956", "correct": false}}, {"model": "app.answeroption", "pk": 94, "fields": {"question": 30, "value": "London", "correct": false}}, {"model": "app.answeroption", "pk": 95, "fields": {"question": 30, "value": "Viin", "correct": false}}, {"model": "app.answeroption", "pk": 96, "fields": {"question": 30, "value": "Berliin", "correct": false}}, {"model": "app.answeroption", "pk": 97, "fields": {"question": 30, "value": "Pariis", "correct": true}}, {"model": "app.answeroption", "pk": 98, "fields": {"question": 31, "value": "1948", "correct": false}}, {"model": "app.answeroption", "pk": 99, "fields": {"question": 31, "value": "1956", "correct": true}}, {"model": "app.answeroption", "pk": 100, "fields": {"question": 31, "value": "1952", "correct": false}}, {"model": "app.answeroption", "pk": 101, "fields": {"question": 31, "value": "1950", "correct": false}}, {"model": "app.answeroption", "pk": 102, "fields": {"question": 32, "value": "London", "correct": false}}, {"model": "app.answeroption", "pk": 103, "fields": {"question": 32, "value": "Pariis", "correct": false}}, {"model": "app.answeroption", "pk": 104, "fields": {"question": 32, "value": "Tokyo", "correct": true}}, {"model": "app.answeroption", "pk": 105, "fields": {"question": 32, "value": "Amsterdam", "correct": false}}, {"model": "app.answeroption", "pk": 106, "fields": {"question": 34, "value": "1968", "correct": false}}, {"model": "app.answeroption", "pk": 107, "fields": {"question": 34, "value": "1972", "correct": false}}, {"model": "app.answeroption", "pk": 108, "fields": {"question": 34, "value": "1977", "correct": false}}, {"model": "app.answeroption", "pk": 109, "fields": {"question": 34, "value": "1989", "correct": true}}, {"model": "app.answeroption", "pk": 110, "fields": {"question": 35, "value": "1969", "correct": false}}, {"model": "app.answeroption", "pk": 111, "fields": {"question": 35, "value": "1975", "correct": false}}, {"model": "app.answeroption", "pk": 112, "fields": {"question": 35, "value": "1973", "correct": true}}, {"model": "app.answeroption", "pk": 113, "fields": {"question": 35, "value": "1978", "correct": false}}, {"model": "app.answeroption", "pk": 114, "fields": {"question": 36, "value": "Tallinn", "correct": true}}, {"model": "app.answeroption", "pk": 115, "fields": {"question": 36, "value": "Vinni", "correct": false}}, {"model": "app.answeroption", "pk": 116, "fields": {"question": 36, "value": "Tartu", "correct": false}}, {"model": "app.answeroption", "pk": 117, "fields": {"question": 36, "value": "Võru", "correct": false}}, {"model": "app.answeroption", "pk": 118, "fields": {"question": 37, "value": "1966", "correct": false}}, {"model": "app.answeroption", "pk": 119, "fields": {"question": 37, "value": "1976", "correct": false}}, {"model": "app.answeroption", "pk": 120, "fields": {"question": 37, "value": "1980", "correct": true}}, {"model": "app.answeroption", "pk": 121, "fields": {"question": 37, "value": "1984", "correct": false}}, {"model": "app.answeroption", "pk": 122, "fields": {"question": 38, "value": "Pariis", "correct": true}}, {"model": "app.answeroption", "pk": 123, "fields": {"question": 38, "value": "New York", "correct": false}}, {"model": "app.answeroption", "pk": 124, "fields": {"question": 38, "value": "London", "correct": false}}, {"model": "app.answeroption", "pk": 125, "fields": {"question": 38, "value": "Viin", "correct": false}}, {"model": "app.answeroption", "pk": 126, "fields": {"question": 39, "value": "1960", "correct": false}}, {"model": "app.answeroption", "pk": 127, "fields": {"question": 39, "value": "1964", "correct": true}}, {"model": "app.answeroption", "pk": 128, "fields": {"question": 39, "value": "1968", "correct": false}}, {"model": "app.answeroption", "pk": 129, "fields": {"question": 39, "value": "1972", "correct": false}}, {"model": "app.answeroption", "pk": 130, "fields": {"question": 40, "value": "1984", "correct": false}}, {"model": "app.answeroption", "pk": 131, "fields": {"question": 40, "value": "1988", "correct": false}}, {"model": "app.answeroption", "pk": 132, "fields": {"question": 40, "value": "1992", "correct": true}}, {"model": "app.answeroption", "pk": 133, "fields": {"question": 40, "value": "1996", "correct": false}}, {"model": "app.answeroption", "pk": 134, "fields": {"question": 41, "value": "1985", "correct": false}}, {"model": "app.answeroption", "pk": 135, "fields": {"question": 41, "value": "1987", "correct": false}}, {"model": "app.answeroption", "pk": 136, "fields": {"question": 41, "value": "1989", "correct": true}}, {"model": "app.answeroption", "pk": 137, "fields": {"question": 41, "value": "1991", "correct": false}}, {"model": "app.answeroption", "pk": 138, "fields": {"question": 42, "value": "1", "correct": true}}, {"model": "app.answeroption", "pk": 139, "fields": {"question": 42, "value": "3", "correct": false}}, {"model": "app.answeroption", "pk": 140, "fields": {"question": 42, "value": "5", "correct": false}}, {"model": "app.answeroption", "pk": 141, "fields": {"question": 42, "value": "7", "correct": false}}, {"model": "app.answeroption", "pk": 142, "fields": {"question": 43, "value": "3", "correct": false}}, {"model": "app.answeroption", "pk": 143, "fields": {"question": 43, "value": "6", "correct": false}}, {"model": "app.answeroption", "pk": 144, "fields": {"question": 43, "value": "4", "correct": true}}, {"model": "app.answeroption", "pk": 145, "fields": {"question": 43, "value": "8", "correct": false}}, {"model": "app.answeroption", "pk": 146, "fields": {"question": 44, "value": "Anton Geesink", "correct": false}}, {"model": "app.answeroption", "pk": 147, "fields": {"question": 44, "value": "Koiji Sone", "correct": false}}, {"model": "app.answeroption", "pk": 148, "fields": {"question": 44, "value": "Soji Natsui", "correct": true}}, {"model": "app.answeroption", "pk": 149, "fields": {"question": 44, "value": "Tõnu Lume", "correct": false}}, {"model": "app.answeroption", "pk": 150, "fields": {"question": 45, "value": "Andrus Veerpalu", "correct": false}}, {"model": "app.answeroption", "pk": 151, "fields": {"question": 45, "value": "Indrek Pertelson", "correct": false}}, {"model": "app.answeroption", "pk": 152, "fields": {"question": 45, "value": "Anton Geesink", "correct": true}}, {"model": "app.answeroption", "pk": 153, "fields": {"question": 45, "value": "Kim Yon Sun", "correct": false}}, {"model": "app.answeroption", "pk": 154, "fields": {"question": 46, "value": "Aavo Põhjala", "correct": true}}, {"model": "app.answeroption", "pk": 155, "fields": {"question": 46, "value": "Jevgeni Tširkin", "correct": false}}, {"model": "app.answeroption", "pk": 156, "fields": {"question": 46, "value": "Indrek Pertelson", "correct": false}}, {"model": "app.answeroption", "pk": 157, "fields": {"question": 46, "value": "Tõnu Lume", "correct": false}}, {"model": "app.answeroption", "pk": 158, "fields": {"question": 47, "value": "15", "correct": true}}, {"model": "app.answeroption", "pk": 159, "fields": {"question": 47, "value": "21", "correct": false}}, {"model": "app.answeroption", "pk": 160, "fields": {"question": 47, "value": "28", "correct": false}}, {"model": "app.answeroption", "pk": 161, "fields": {"question": 47, "value": "33", "correct": false}}, {"model": "app.answeroption", "pk": 162, "fields": {"question": 48, "value": "1964", "correct": false}}, {"model": "app.answeroption", "pk": 163, "fields": {"question": 48, "value": "1968", "correct": false}}, {"model": "app.answeroption", "pk": 164, "fields": {"question": 48, "value": "1972", "correct": false}}, {"model": "app.answeroption", "pk": 165, "fields": {"question": 48, "value": "1976", "correct": true}}, {"model": "app.answeroption", "pk": 166, "fields": {"question": 49, "value": "1967", "correct": false}}, {"model": "app.answeroption", "pk": 167, "fields": {"question": 49, "value": "1969", "correct": false}}, {"model": "app.answeroption", "pk": 168, "fields": {"question": 49, "value": "1979", "correct": true}}, {"model": "app.answeroption", "pk": 169, "fields": {"question": 49, "value": "1981", "correct": false}}, {"model": "app.answeroption", "pk": 170, "fields": {"question": 50, "value": "1969", "correct": false}}, {"model": "app.answeroption", "pk": 171, "fields": {"question": 50, "value": "1979", "correct": false}}, {"model": "app.answeroption", "pk": 172, "fields": {"question": 50, "value": "1988", "correct": false}}, {"model": "app.answeroption", "pk": 173, "fields": {"question": 50, "value": "1998", "correct": true}}, {"model": "app.answeroption", "pk": 174, "fields": {"question": 51, "value": "111", "correct": false}}, {"model": "app.answeroption", "pk": 175, "fields": {"question": 51, "value": "222", "correct": true}}, {"model": "app.answeroption", "pk": 176, "fields": {"question": 51, "value": "333", "correct": false}}, {"model": "app.answeroption", "pk": 177, "fields": {"question": 51, "value": "444", "correct": false}}]